,all_awardings,approved_at_utc,approved_by,archived,author,author_flair_background_color,author_flair_css_class,author_flair_richtext,author_flair_template_id,author_flair_text,author_flair_text_color,author_flair_type,author_fullname,author_patreon_flair,banned_at_utc,banned_by,can_gild,can_mod_post,category,clicked,content_categories,contest_mode,created,created_utc,distinguished,domain,downs,edited,gilded,gildings,hidden,hide_score,id,is_crosspostable,is_meta,is_original_content,is_reddit_media_domain,is_robot_indexable,is_self,is_video,likes,link_flair_background_color,link_flair_css_class,link_flair_richtext,link_flair_template_id,link_flair_text,link_flair_text_color,link_flair_type,locked,media,media_embed,media_only,mod_note,mod_reason_by,mod_reason_title,mod_reports,name,no_follow,num_comments,num_crossposts,num_reports,over_18,parent_whitelist_status,permalink,pinned,post_hint,preview,pwls,quarantine,removal_reason,report_reasons,saved,score,secure_media,secure_media_embed,selftext,selftext_html,send_replies,spoiler,stickied,subreddit,subreddit_id,subreddit_name_prefixed,subreddit_subscribers,subreddit_type,suggested_sort,thumbnail,thumbnail_height,thumbnail_width,title,total_awards_received,ups,url,user_reports,view_count,visited,whitelist_status,wls
0,[],,,False,AutoModerator,#d0fffd,,"[{'e': 'text', 't': 'ü§ñ'}]",326005ee-9cf2-11e8-8b1f-0e8f9a199476,ü§ñ,dark,richtext,t2_6l4z3,False,,,False,False,,False,,False,1560085317.0,1560056517.0,moderator,self.boardgames,0,False,0,{},False,False,bygudt,False,False,False,False,True,True,False,,#4a4b4a,,"[{'e': 'text', 't': 'Daily Game Recs'}]",01476204-cd40-11e7-a8ba-0e829f432fc8,Daily Game Recs,light,richtext,False,,{},False,,,,[],t3_bygudt,True,71,1,,False,all_ads,/r/boardgames/comments/bygudt/rboardgames_daily_discussion_and_game/,False,,,6,False,,,False,7,,{},"**Welcome to /r/boardgames Daily Discussion and Game Recommendations**

This is meant to be a place where you can ask any and all questions relating to the board gaming world: general or specific game recommendations, rule clarifications, definitions of terms/acronyms, and other quick questions that might not warrant their own post. 

If you are seeking game recommendations you will get better responses if you give us enough background to help you. You can use [this template](https://www.reddit.com/r/boardgames/wiki/personalized-game-recommendation-template-no-explainer) to do so. [Here](https://www.reddit.com/r/boardgames/wiki/personalized-game-recommendation-template) is a version with explanations of what we're looking for.  

If you reply to any comment that has a game name in **bold** with ""**/u/r2d8 getparentinfo**"", one of our robots will tell you more about the game

Just remember that this is a community full of awesome, helpful people, and feel free to ask your questions whatever they may be. As always, keep it civil and remember what the downvote button is actually for.


Lastly, here are some of the resources available at /r/boardgames:

* If you are new here, be sure to check out our [Community Guidelines](https://www.reddit.com/r/boardgames/wiki/community)
* If you are looking for a game recommendation, make sure to read our [What Should I Get Wiki](https://www.reddit.com/r/boardgames/wiki/wsig)
* If asking people for recommendations is too interactive: [The Automated Recommendations Robot is here for you](https://www.reddit.com/r/boardgames/wiki/wsig#wiki_ask_a_robot_for_a_list_of_recommendations).
* Also take a look at our [Wiki Index](https://www.reddit.com/r/boardgames/wiki/index) for various other resources and information.
* Any questions about game design can be answered here, but also visit /r/tabletopgamedesign
* Any discussions about the subreddit itself should be contained in /r/metaboardgames

*If you use the boardgamerecommender bot in this thread, please reply to the stickied top comment in order to avoid cluttering up the posts.*

Happy gaming!","&lt;!-- SC_OFF --&gt;&lt;div class=""md""&gt;&lt;p&gt;&lt;strong&gt;Welcome to &lt;a href=""/r/boardgames""&gt;/r/boardgames&lt;/a&gt; Daily Discussion and Game Recommendations&lt;/strong&gt;&lt;/p&gt;

&lt;p&gt;This is meant to be a place where you can ask any and all questions relating to the board gaming world: general or specific game recommendations, rule clarifications, definitions of terms/acronyms, and other quick questions that might not warrant their own post. &lt;/p&gt;

&lt;p&gt;If you are seeking game recommendations you will get better responses if you give us enough background to help you. You can use &lt;a href=""https://www.reddit.com/r/boardgames/wiki/personalized-game-recommendation-template-no-explainer""&gt;this template&lt;/a&gt; to do so. &lt;a href=""https://www.reddit.com/r/boardgames/wiki/personalized-game-recommendation-template""&gt;Here&lt;/a&gt; is a version with explanations of what we&amp;#39;re looking for.  &lt;/p&gt;

&lt;p&gt;If you reply to any comment that has a game name in &lt;strong&gt;bold&lt;/strong&gt; with &amp;quot;&lt;strong&gt;&lt;a href=""/u/r2d8""&gt;/u/r2d8&lt;/a&gt; getparentinfo&lt;/strong&gt;&amp;quot;, one of our robots will tell you more about the game&lt;/p&gt;

&lt;p&gt;Just remember that this is a community full of awesome, helpful people, and feel free to ask your questions whatever they may be. As always, keep it civil and remember what the downvote button is actually for.&lt;/p&gt;

&lt;p&gt;Lastly, here are some of the resources available at &lt;a href=""/r/boardgames""&gt;/r/boardgames&lt;/a&gt;:&lt;/p&gt;

&lt;ul&gt;
&lt;li&gt;If you are new here, be sure to check out our &lt;a href=""https://www.reddit.com/r/boardgames/wiki/community""&gt;Community Guidelines&lt;/a&gt;&lt;/li&gt;
&lt;li&gt;If you are looking for a game recommendation, make sure to read our &lt;a href=""https://www.reddit.com/r/boardgames/wiki/wsig""&gt;What Should I Get Wiki&lt;/a&gt;&lt;/li&gt;
&lt;li&gt;If asking people for recommendations is too interactive: &lt;a href=""https://www.reddit.com/r/boardgames/wiki/wsig#wiki_ask_a_robot_for_a_list_of_recommendations""&gt;The Automated Recommendations Robot is here for you&lt;/a&gt;.&lt;/li&gt;
&lt;li&gt;Also take a look at our &lt;a href=""https://www.reddit.com/r/boardgames/wiki/index""&gt;Wiki Index&lt;/a&gt; for various other resources and information.&lt;/li&gt;
&lt;li&gt;Any questions about game design can be answered here, but also visit &lt;a href=""/r/tabletopgamedesign""&gt;/r/tabletopgamedesign&lt;/a&gt;&lt;/li&gt;
&lt;li&gt;Any discussions about the subreddit itself should be contained in &lt;a href=""/r/metaboardgames""&gt;/r/metaboardgames&lt;/a&gt;&lt;/li&gt;
&lt;/ul&gt;

&lt;p&gt;&lt;em&gt;If you use the boardgamerecommender bot in this thread, please reply to the stickied top comment in order to avoid cluttering up the posts.&lt;/em&gt;&lt;/p&gt;

&lt;p&gt;Happy gaming!&lt;/p&gt;
&lt;/div&gt;&lt;!-- SC_ON --&gt;",False,False,True,boardgames,t5_2qmjp,r/boardgames,1942591,public,new,self,,,"/r/boardgames Daily Discussion and Game Recommendations (June 09, 2019)",0,7,https://www.reddit.com/r/boardgames/comments/bygudt/rboardgames_daily_discussion_and_game/,[],,False,all_ads,6
1,[],,,False,princeofropes,,,[],,,,text,t2_ttabv,False,,,False,False,,False,,False,1560124394.0,1560095594.0,,self.boardgames,0,False,0,{},False,False,bylm4i,False,False,False,False,True,True,False,,,,[],,,dark,text,False,,{},False,,,,[],t3_bylm4i,False,366,0,,False,all_ads,/r/boardgames/comments/bylm4i/what_is_the_biggest_argument_row_fight_you_ever/,False,,,6,False,,,False,281,,{},"Since getting into the hobby revently, and playing games with a lot of different randomers, I've noticed that tense exchanges are common, as people with clashing personalities sometimes end up in the same game.","&lt;!-- SC_OFF --&gt;&lt;div class=""md""&gt;&lt;p&gt;Since getting into the hobby revently, and playing games with a lot of different randomers, I&amp;#39;ve noticed that tense exchanges are common, as people with clashing personalities sometimes end up in the same game.&lt;/p&gt;
&lt;/div&gt;&lt;!-- SC_ON --&gt;",True,False,False,boardgames,t5_2qmjp,r/boardgames,1942591,public,,self,,,"What is the biggest argument/ row/ fight you ever had, or witnessed, over a boardgame?",0,281,https://www.reddit.com/r/boardgames/comments/bylm4i/what_is_the_biggest_argument_row_fight_you_ever/,[],,False,all_ads,6
2,[],,,False,Zelbinian,,san-juan,"[{'e': 'text', 't': 'L-index: 12'}]",815b4d38-18ab-11e7-b3d9-0ed78322c06a,L-index: 12,dark,richtext,t2_37o2w,False,,,False,False,,False,,False,1560129504.0,1560100704.0,,self.boardgames,0,False,0,{},False,False,bymjq2,False,False,False,False,True,True,False,,#7700aa,ksru,"[{'e': 'text', 't': 'KS Roundup'}]",182b2522-cd41-11e7-961e-0e93cb66b0b4,KS Roundup,light,richtext,False,,{},False,,,,[],t3_bymjq2,False,88,0,,False,all_ads,/r/boardgames/comments/bymjq2/discuss_this_weeks_kickstarter_games/,False,,,6,False,,,False,94,,{},"Apologies, I may not be able to post the lists today and, if I do, it'll be quite late. So for now it's up to you, Reddit! What projects are you currently excited about and what ones do you think people should avoid?","&lt;!-- SC_OFF --&gt;&lt;div class=""md""&gt;&lt;p&gt;Apologies, I may not be able to post the lists today and, if I do, it&amp;#39;ll be quite late. So for now it&amp;#39;s up to you, Reddit! What projects are you currently excited about and what ones do you think people should avoid?&lt;/p&gt;
&lt;/div&gt;&lt;!-- SC_ON --&gt;",True,False,False,boardgames,t5_2qmjp,r/boardgames,1942591,public,,self,,,Discuss this week's Kickstarter games!,0,94,https://www.reddit.com/r/boardgames/comments/bymjq2/discuss_this_weeks_kickstarter_games/,[],,False,all_ads,6
3,[],,,False,american-titan,,,[],,,,text,t2_swl8d,False,,,False,False,,False,,False,1560129814.0,1560101014.0,,self.boardgames,0,False,0,{},False,False,bymlqc,False,False,False,False,True,True,False,,,deal,"[{'e': 'text', 't': 'Deal'}]",a5cb0ebe-638d-11e3-aa0f-12313b04ceaf,Deal,dark,richtext,False,,{},False,,,,[],t3_bymlqc,False,31,0,,False,all_ads,/r/boardgames/comments/bymlqc/buy_2_get_one_free_on_board_games_at_target/,False,,,6,False,,,False,77,,{},Just saw a sign at my local Target. Might want to call into yours and see,"&lt;!-- SC_OFF --&gt;&lt;div class=""md""&gt;&lt;p&gt;Just saw a sign at my local Target. Might want to call into yours and see&lt;/p&gt;
&lt;/div&gt;&lt;!-- SC_ON --&gt;",True,False,False,boardgames,t5_2qmjp,r/boardgames,1942591,public,,self,,,Buy 2 Get One Free on Board Games at Target,0,77,https://www.reddit.com/r/boardgames/comments/bymlqc/buy_2_get_one_free_on_board_games_at_target/,[],,False,all_ads,6
4,[],,,False,XboxSylix,#edeff1,,"[{'a': ':spirit_island:', 'e': 'emoji', 'u': 'https://emoji.redditmedia.com/5dhccdeqncf11_t5_2qmjp/spirit_island'}, {'e': 'text', 't': ' Spirit Island'}]",2fdfa772-9cf0-11e8-922c-0e3a76b3c6b0,:spirit_island: Spirit Island,dark,richtext,t2_qpgwz,False,,,False,False,,False,,False,1560059548.0,1560030748.0,,self.boardgames,0,False,0,{},False,False,byd1mr,False,False,False,False,True,True,False,,,,[],,,dark,text,False,,{},False,,,,[],t3_byd1mr,False,242,0,,False,all_ads,/r/boardgames/comments/byd1mr/you_know_what_would_be_nice_a_simple_onepager/,False,,,6,False,,,False,1611,,{},"Bit of a rant, but I had a few KS games arrive this week all at once and it brought to light a long held frustration. 

Often times I get done punching out the chits and sit there looking at this thinking, ‚Äúhow the hell to organize this?‚Äù  Should I create starting player baggies? Do I need to Tetris the chits in a certain way to get the lid to shut, or do I need to put my spare punchboards underneath to avoid a gap?  Why are there 12 baggies when it seems like I need 5? Or, more often, the reverse.  I usually google a ‚Äúhow it fits‚Äù with moderate success, but not always.  

Maybe I‚Äôm crazy, but Why not include a simple one pager that shows how to do that? clearly designers think about this as they playtest their copies and have developed decent systems for organizing the games for play.  Maybe the logistics guys can do it and throw it in the box so you have time to play with the real production copy before developing the page. I know it isn‚Äôt free, but I can‚Äôt imagine throwing a single page in the shipping box is going to break anyone. Or maybe just post a quick YouTube video and then you have basically no cost.","&lt;!-- SC_OFF --&gt;&lt;div class=""md""&gt;&lt;p&gt;Bit of a rant, but I had a few KS games arrive this week all at once and it brought to light a long held frustration. &lt;/p&gt;

&lt;p&gt;Often times I get done punching out the chits and sit there looking at this thinking, ‚Äúhow the hell to organize this?‚Äù  Should I create starting player baggies? Do I need to Tetris the chits in a certain way to get the lid to shut, or do I need to put my spare punchboards underneath to avoid a gap?  Why are there 12 baggies when it seems like I need 5? Or, more often, the reverse.  I usually google a ‚Äúhow it fits‚Äù with moderate success, but not always.  &lt;/p&gt;

&lt;p&gt;Maybe I‚Äôm crazy, but Why not include a simple one pager that shows how to do that? clearly designers think about this as they playtest their copies and have developed decent systems for organizing the games for play.  Maybe the logistics guys can do it and throw it in the box so you have time to play with the real production copy before developing the page. I know it isn‚Äôt free, but I can‚Äôt imagine throwing a single page in the shipping box is going to break anyone. Or maybe just post a quick YouTube video and then you have basically no cost.&lt;/p&gt;
&lt;/div&gt;&lt;!-- SC_ON --&gt;",True,False,False,boardgames,t5_2qmjp,r/boardgames,1942591,public,,self,,,You know what would be nice? A simple one-pager that explains how tf you‚Äôre supposed to fit a game into the box after you‚Äôve punched it,0,1611,https://www.reddit.com/r/boardgames/comments/byd1mr/you_know_what_would_be_nice_a_simple_onepager/,[],,False,all_ads,6
5,[],,,False,IveComeToKickass,,,[],,,,text,t2_2je2cpnu,False,,,False,False,,False,,False,1560110258.0,1560081458.0,,self.boardgames,0,False,0,{},False,False,byji0i,False,False,False,False,True,True,False,,,,[],,,dark,text,False,,{},False,,,,[],t3_byji0i,False,52,0,,False,all_ads,/r/boardgames/comments/byji0i/new_contrast_paints_paint_your_miniature_backlog/,False,self,"{'images': [{'source': {'url': 'https://external-preview.redd.it/sdzt-fx5kPkYezyFYbQxT6Mh6VFIKI845bktLWH_smw.jpg?auto=webp&amp;s=4b7fc544f6f53916d0c5102684c1c22becbc8313', 'width': 1000, 'height': 500}, 'resolutions': [{'url': 'https://external-preview.redd.it/sdzt-fx5kPkYezyFYbQxT6Mh6VFIKI845bktLWH_smw.jpg?width=108&amp;crop=smart&amp;auto=webp&amp;s=5f30a99a1bee94313bc9e725a771c48e677c32c9', 'width': 108, 'height': 54}, {'url': 'https://external-preview.redd.it/sdzt-fx5kPkYezyFYbQxT6Mh6VFIKI845bktLWH_smw.jpg?width=216&amp;crop=smart&amp;auto=webp&amp;s=fa5ec86ef36b303ac2f885a3299a20a1a5eac5d6', 'width': 216, 'height': 108}, {'url': 'https://external-preview.redd.it/sdzt-fx5kPkYezyFYbQxT6Mh6VFIKI845bktLWH_smw.jpg?width=320&amp;crop=smart&amp;auto=webp&amp;s=74203c41fd0c8c4f0d72965cf788ad06c3004f15', 'width': 320, 'height': 160}, {'url': 'https://external-preview.redd.it/sdzt-fx5kPkYezyFYbQxT6Mh6VFIKI845bktLWH_smw.jpg?width=640&amp;crop=smart&amp;auto=webp&amp;s=58dbe6b0f31c64ea6e881a64803c206fef50752e', 'width': 640, 'height': 320}, {'url': 'https://external-preview.redd.it/sdzt-fx5kPkYezyFYbQxT6Mh6VFIKI845bktLWH_smw.jpg?width=960&amp;crop=smart&amp;auto=webp&amp;s=c227041f1b293ff7e1b8c72438c5464e564bbd0a', 'width': 960, 'height': 480}], 'variants': {}, 'id': 'CzHQzoyjuku68E49W5OYAqat62sDz0TPXUEHWeqjP4M'}], 'enabled': False}",6,False,,,False,120,,{},"Games Workshop just released a totally new kind of paint. You can paint one coat and get a shade and highlight at the same time. It's pretty slick. I bought all in, personally, to help me get through my massive boardgame miniature backlog as you can speed paint large forces to a nice level very quickly. I thought this sub might be interested.

Currently all Games Workshop and Warhammer stores are doing demos of the paint in store, as well as a lot of regular FLGS. I highly suggest stopping in someplace and giving it a go.

Link below, plus there is a lot of buzz online for it already, too.

https://www.warhammer-community.com/2019/05/23/contrast-meet-the-rangegw-homepage-post-2fw-homepage-post-2/","&lt;!-- SC_OFF --&gt;&lt;div class=""md""&gt;&lt;p&gt;Games Workshop just released a totally new kind of paint. You can paint one coat and get a shade and highlight at the same time. It&amp;#39;s pretty slick. I bought all in, personally, to help me get through my massive boardgame miniature backlog as you can speed paint large forces to a nice level very quickly. I thought this sub might be interested.&lt;/p&gt;

&lt;p&gt;Currently all Games Workshop and Warhammer stores are doing demos of the paint in store, as well as a lot of regular FLGS. I highly suggest stopping in someplace and giving it a go.&lt;/p&gt;

&lt;p&gt;Link below, plus there is a lot of buzz online for it already, too.&lt;/p&gt;

&lt;p&gt;&lt;a href=""https://www.warhammer-community.com/2019/05/23/contrast-meet-the-rangegw-homepage-post-2fw-homepage-post-2/""&gt;https://www.warhammer-community.com/2019/05/23/contrast-meet-the-rangegw-homepage-post-2fw-homepage-post-2/&lt;/a&gt;&lt;/p&gt;
&lt;/div&gt;&lt;!-- SC_ON --&gt;",True,False,False,boardgames,t5_2qmjp,r/boardgames,1942591,public,,self,,,New Contrast Paints. Paint your miniature backlog in just one coat. Demo's available in store now.,0,120,https://www.reddit.com/r/boardgames/comments/byji0i/new_contrast_paints_paint_your_miniature_backlog/,[],,False,all_ads,6
6,[],,,False,StarSpangldBastard,,,[],,,,text,t2_3vrakzzh,False,,,False,False,,False,,False,1560140397.0,1560111597.0,,self.boardgames,0,False,0,{},False,False,byoldw,False,False,False,False,True,True,False,,,,[],,,dark,text,False,,{},False,,,,[],t3_byoldw,False,31,0,,False,all_ads,/r/boardgames/comments/byoldw/help_me_settle_a_stupid_board_game_related/,False,,,6,False,,,False,22,,{},"So basically the story is, I was playing a board game with a couple friends and at one point during the game a die had to be rolled. When I rolled the die, it hit one of the miniatures mid-roll. My friend instantly called ""interference"" and demanded I reroll. At first I thought he was joking, I've never heard of anything like that, but he claimed it was a universal rule for all board games and that I was an idiot for not knowing about it and thinking it was a dumb rule. Am I alone here or is this guy wrong? I get that if the die hits something mid roll it'll probably change the outcome but I really don't think that matters since as long as the die rolls, each side still has a 1/6 chance of turning up, unless somehow you're really crafty and can find a way to manipulate the outcome this way but I'd imagine you'd have to be a genius to actually pull something like that off","&lt;!-- SC_OFF --&gt;&lt;div class=""md""&gt;&lt;p&gt;So basically the story is, I was playing a board game with a couple friends and at one point during the game a die had to be rolled. When I rolled the die, it hit one of the miniatures mid-roll. My friend instantly called &amp;quot;interference&amp;quot; and demanded I reroll. At first I thought he was joking, I&amp;#39;ve never heard of anything like that, but he claimed it was a universal rule for all board games and that I was an idiot for not knowing about it and thinking it was a dumb rule. Am I alone here or is this guy wrong? I get that if the die hits something mid roll it&amp;#39;ll probably change the outcome but I really don&amp;#39;t think that matters since as long as the die rolls, each side still has a 1/6 chance of turning up, unless somehow you&amp;#39;re really crafty and can find a way to manipulate the outcome this way but I&amp;#39;d imagine you&amp;#39;d have to be a genius to actually pull something like that off&lt;/p&gt;
&lt;/div&gt;&lt;!-- SC_ON --&gt;",True,False,False,boardgames,t5_2qmjp,r/boardgames,1942591,public,,self,,,Help me settle a stupid board game related argument with my friends,0,22,https://www.reddit.com/r/boardgames/comments/byoldw/help_me_settle_a_stupid_board_game_related/,[],,False,all_ads,6
7,[],,,False,TYEwing,,scythe,"[{'e': 'text', 't': 'Scythe'}]",84ef22e4-18ab-11e7-93c4-0ed78322c06a,Scythe,dark,richtext,t2_hhbi5,False,,,False,False,,False,,False,1560150440.0,1560121640.0,,self.boardgames,0,False,0,{},False,True,byqf21,False,False,False,False,True,True,False,,,COMC,"[{'e': 'text', 't': 'COMC'}]",734914a6-426b-11e8-8511-0e863647358e,COMC,dark,richtext,False,,{},False,,,,[],t3_byqf21,False,10,0,,False,all_ads,/r/boardgames/comments/byqf21/1_year_into_the_hobby/,False,self,"{'images': [{'source': {'url': 'https://external-preview.redd.it/viko6Oe741BMmTp6owbwXkybkaEFImXK9feovPcKJdY.jpg?auto=webp&amp;s=239dc99f89f9b43ec3b52cb609114872881c792f', 'width': 2016, 'height': 1512}, 'resolutions': [{'url': 'https://external-preview.redd.it/viko6Oe741BMmTp6owbwXkybkaEFImXK9feovPcKJdY.jpg?width=108&amp;crop=smart&amp;auto=webp&amp;s=8fa1aaf882036487bb22362ed4d6ff1caf894e62', 'width': 108, 'height': 81}, {'url': 'https://external-preview.redd.it/viko6Oe741BMmTp6owbwXkybkaEFImXK9feovPcKJdY.jpg?width=216&amp;crop=smart&amp;auto=webp&amp;s=c488c3ef434a72e8178bcdab28a7f6fe7eb2e017', 'width': 216, 'height': 162}, {'url': 'https://external-preview.redd.it/viko6Oe741BMmTp6owbwXkybkaEFImXK9feovPcKJdY.jpg?width=320&amp;crop=smart&amp;auto=webp&amp;s=935bccf6171bbd39782577c771708f56ddda863b', 'width': 320, 'height': 240}, {'url': 'https://external-preview.redd.it/viko6Oe741BMmTp6owbwXkybkaEFImXK9feovPcKJdY.jpg?width=640&amp;crop=smart&amp;auto=webp&amp;s=fca843ca84000fa856e98ed42da09a4dc296b94f', 'width': 640, 'height': 480}, {'url': 'https://external-preview.redd.it/viko6Oe741BMmTp6owbwXkybkaEFImXK9feovPcKJdY.jpg?width=960&amp;crop=smart&amp;auto=webp&amp;s=728f2842d22053b30c351de45524a80d40e1b3ec', 'width': 960, 'height': 720}, {'url': 'https://external-preview.redd.it/viko6Oe741BMmTp6owbwXkybkaEFImXK9feovPcKJdY.jpg?width=1080&amp;crop=smart&amp;auto=webp&amp;s=457d067eab4511808ac6e83861e45bfeabbef4da', 'width': 1080, 'height': 810}], 'variants': {}, 'id': 'PZIM0nzeAHFM7JuaCoPlc_vmkm1dC_Uu2DjCKHfqMvg'}], 'enabled': False}",6,False,,,False,14,,{},"Collection: https://imgur.com/a/sY4ciax

Playing board games has been great for getting away from the computer games, while still being challenging and social. It's been great to see everyone excited to play games when going to meetups, and meeting new friends along the way!

A few games that are not included in the pictures are **Jaipur, Hive Pocket, Love Letter, &amp; Friday**.

***How long have you been in the hobby?***

I went to a meetup because I was bored a year ago in June, and played Sagrada, Scythe, and Carcassonne. It was great! Met some great people, and from a few other meetups I now have a core group of about 5 people that get together often, as well as a weekly group at work.

***What would you change about your collection if you could?***

I am happy with where my collection stands, as I have a game that satisfies most of the different mechanics that I look for in a game. If I had to change something, however, I'd probably get rid of Puerto Rico. The newer games with the nice components seem to be the ones I'm drawn to.

***Favorite Games***

Currently my top three games in my collection are:

**Scythe**: This game is my collection prize. I have all the expansions, upgraded tokens and coins, promo cards, and both Broken Token organizers in the Legendary box. I also recently got the modular board. After my play-through of this game today, I have logged my 84 time playing Scythe!

**7-Wonders Duel**: My favorite game to play as 2 players in my collection. Love the drafting from the pyramid, as well as the multiple win conditions that can sneak up on you.

**Blood Rage**: Not using a conflict type of gamer, but this area-control game with the drafting is so satisfying. All of my games have been close, and multiple strategies have won games, so it's very open each time we play.

***Shame List***

I'm happy to say that I have played everything in the collection at least 4 times (expect Puerto Rico (2 times))!

***Next games to add to the collection***

There isn't really anything on my radar at the moment; I'm looking forward to just playing what I have more. However, if anyone thinks a game would be a great add to my collection, I'd love to hear recommendations!","&lt;!-- SC_OFF --&gt;&lt;div class=""md""&gt;&lt;p&gt;Collection: &lt;a href=""https://imgur.com/a/sY4ciax""&gt;https://imgur.com/a/sY4ciax&lt;/a&gt;&lt;/p&gt;

&lt;p&gt;Playing board games has been great for getting away from the computer games, while still being challenging and social. It&amp;#39;s been great to see everyone excited to play games when going to meetups, and meeting new friends along the way!&lt;/p&gt;

&lt;p&gt;A few games that are not included in the pictures are &lt;strong&gt;Jaipur, Hive Pocket, Love Letter, &amp;amp; Friday&lt;/strong&gt;.&lt;/p&gt;

&lt;p&gt;&lt;strong&gt;&lt;em&gt;How long have you been in the hobby?&lt;/em&gt;&lt;/strong&gt;&lt;/p&gt;

&lt;p&gt;I went to a meetup because I was bored a year ago in June, and played Sagrada, Scythe, and Carcassonne. It was great! Met some great people, and from a few other meetups I now have a core group of about 5 people that get together often, as well as a weekly group at work.&lt;/p&gt;

&lt;p&gt;&lt;strong&gt;&lt;em&gt;What would you change about your collection if you could?&lt;/em&gt;&lt;/strong&gt;&lt;/p&gt;

&lt;p&gt;I am happy with where my collection stands, as I have a game that satisfies most of the different mechanics that I look for in a game. If I had to change something, however, I&amp;#39;d probably get rid of Puerto Rico. The newer games with the nice components seem to be the ones I&amp;#39;m drawn to.&lt;/p&gt;

&lt;p&gt;&lt;strong&gt;&lt;em&gt;Favorite Games&lt;/em&gt;&lt;/strong&gt;&lt;/p&gt;

&lt;p&gt;Currently my top three games in my collection are:&lt;/p&gt;

&lt;p&gt;&lt;strong&gt;Scythe&lt;/strong&gt;: This game is my collection prize. I have all the expansions, upgraded tokens and coins, promo cards, and both Broken Token organizers in the Legendary box. I also recently got the modular board. After my play-through of this game today, I have logged my 84 time playing Scythe!&lt;/p&gt;

&lt;p&gt;&lt;strong&gt;7-Wonders Duel&lt;/strong&gt;: My favorite game to play as 2 players in my collection. Love the drafting from the pyramid, as well as the multiple win conditions that can sneak up on you.&lt;/p&gt;

&lt;p&gt;&lt;strong&gt;Blood Rage&lt;/strong&gt;: Not using a conflict type of gamer, but this area-control game with the drafting is so satisfying. All of my games have been close, and multiple strategies have won games, so it&amp;#39;s very open each time we play.&lt;/p&gt;

&lt;p&gt;&lt;strong&gt;&lt;em&gt;Shame List&lt;/em&gt;&lt;/strong&gt;&lt;/p&gt;

&lt;p&gt;I&amp;#39;m happy to say that I have played everything in the collection at least 4 times (expect Puerto Rico (2 times))!&lt;/p&gt;

&lt;p&gt;&lt;strong&gt;&lt;em&gt;Next games to add to the collection&lt;/em&gt;&lt;/strong&gt;&lt;/p&gt;

&lt;p&gt;There isn&amp;#39;t really anything on my radar at the moment; I&amp;#39;m looking forward to just playing what I have more. However, if anyone thinks a game would be a great add to my collection, I&amp;#39;d love to hear recommendations!&lt;/p&gt;
&lt;/div&gt;&lt;!-- SC_ON --&gt;",True,False,False,boardgames,t5_2qmjp,r/boardgames,1942591,public,,self,,,1 Year Into the Hobby!,0,14,https://www.reddit.com/r/boardgames/comments/byqf21/1_year_into_the_hobby/,[],,False,all_ads,6
8,[],,,False,Hiryu,,imperial-settlers,"[{'e': 'text', 't': 'Imperial Settlers'}]",efeab262-18aa-11e7-86d1-0e1e04475714,Imperial Settlers,dark,richtext,t2_4a4ht,False,,,False,False,,False,,False,1560120691.0,1560091891.0,,self.boardgames,0,1560113201.0,0,{},False,False,bykyvo,False,False,False,False,True,True,False,,,,"[{'e': 'text', 't': 'COMC'}]",734914a6-426b-11e8-8511-0e863647358e,COMC,dark,richtext,False,,{},False,,,,[],t3_bykyvo,False,17,0,,False,all_ads,/r/boardgames/comments/bykyvo/comc_game_collection_been_collecting_for_about_a/,False,self,"{'images': [{'source': {'url': 'https://external-preview.redd.it/K0MOAH6nzUOWxtjhK_NaiBUbxQDpQ00NyE0RWrA50jo.jpg?auto=webp&amp;s=6c04e7ba35a67a08500b954c793b9fec78b18809', 'width': 4032, 'height': 2268}, 'resolutions': [{'url': 'https://external-preview.redd.it/K0MOAH6nzUOWxtjhK_NaiBUbxQDpQ00NyE0RWrA50jo.jpg?width=108&amp;crop=smart&amp;auto=webp&amp;s=58acad4378d977b17b3302f69aa05d9c1897103b', 'width': 108, 'height': 60}, {'url': 'https://external-preview.redd.it/K0MOAH6nzUOWxtjhK_NaiBUbxQDpQ00NyE0RWrA50jo.jpg?width=216&amp;crop=smart&amp;auto=webp&amp;s=ea8c2979a35a89f7451546d8b0db55d0b2105418', 'width': 216, 'height': 121}, {'url': 'https://external-preview.redd.it/K0MOAH6nzUOWxtjhK_NaiBUbxQDpQ00NyE0RWrA50jo.jpg?width=320&amp;crop=smart&amp;auto=webp&amp;s=bf2f8c6b23208b7a5e9dcec5b042a1b3b2bd48cf', 'width': 320, 'height': 180}, {'url': 'https://external-preview.redd.it/K0MOAH6nzUOWxtjhK_NaiBUbxQDpQ00NyE0RWrA50jo.jpg?width=640&amp;crop=smart&amp;auto=webp&amp;s=f50dc9e261bbab21b07a924d4dd31c1549be2ced', 'width': 640, 'height': 360}, {'url': 'https://external-preview.redd.it/K0MOAH6nzUOWxtjhK_NaiBUbxQDpQ00NyE0RWrA50jo.jpg?width=960&amp;crop=smart&amp;auto=webp&amp;s=be2bdf168d020cc11b4ff977d266ee0290fee690', 'width': 960, 'height': 540}, {'url': 'https://external-preview.redd.it/K0MOAH6nzUOWxtjhK_NaiBUbxQDpQ00NyE0RWrA50jo.jpg?width=1080&amp;crop=smart&amp;auto=webp&amp;s=b7660eedb0a7558eca4bc8b437b718edda1e7245', 'width': 1080, 'height': 607}], 'variants': {}, 'id': '6OFTOIHGTanv8HjDfzMgaUdHpSxhuplpIAcmOgAbtRc'}], 'enabled': False}",6,False,,,False,40,,{},"&amp;#x200B;

[Current Collection](https://imgur.com/a/60E9QPT)

&amp;#x200B;

**How long have you been involved in the hobby?**

&amp;#x200B;

Some background:

My wife and I received Catan and Carcasonne some years ago as gifts after playing them elsewhere but we never cracked them open at the time.  About 3 years ago my interest in collecting comic books led us to go into a comic/game store while on vacation where we first discovered how many designer games there are, as this particular shop had them wall to wall / ceiling to floor.  We were overwhelmed by the selection which was  obvious to another customer in the store who asked if we played games and we told them this would be our first purchase of a designer game.  She recommended as the must buy first purchase Dominion (1st ed.) which we took her up on.  That game went on a shelf when we got back from vacation and sat there for a year or so.

&amp;#x200B;

About a year or so later we finally decided to crack it open since it was quite expensive, unwrapped all the cards, my wife started reading the manual and gave up shortly after.  We put all cards back and the game went back on the shelf.

&amp;#x200B;

Fast forward to summer 2018, we had been playing mainstream games while waiting for dinner to cook etc.  Things like Mille Bornes, Rack-O, Rummikkub.  That got us talking about the Dominion game we shelved a year earlier and we decided to give it another go. This time we stuck with it and we instantly fell in love with it.

&amp;#x200B;

From there on out we started visiting BGG and getting a feel for the kind of games we wanted to try. One of the benefits of getting into this hobby late was that a lot of collectors were getting rid of older games (new to us) to make room for new ones. That allowed to take advantage of some really great bulk deals to kick start our collection.

&amp;#x200B;

**What would you change about your collection if you could?**

&amp;#x200B;

One regret is giving up on Dominion so easily years ago as we missed out on several years of enjoying that game and many others.  Part and parcel with that is the fact we narrowing missed acquiring 7th Continent via Kickstarter on a short re-release as that happened around the same time we let ourselves be intimidated by the Dominion rule book.  Now that we're much more comfortable with terminology and play styles we know it's a game we would love, but also very close to the top of our wish list.

&amp;#x200B;

As far regretful purchases in our collection, my wife and I have so far have put in a lot of research, testing at game cafes, videos, etc prior to purchasing almost all of our games.  We've been very fortunate that almost of our collection gets played every 6 months.  With exception of  Shadowrun Crossfire where we discovered the particular engine used was not to our liking and can create wide swings of difficulty which is frustrating.

&amp;#x200B;

**About our collection**

&amp;#x200B;

We started building our collection under the premise that we needed to balance our purchases with lighter games when we have our game night with my 70 year old parents every weekend and heavier games when it's just my wife &amp; I playing.  You will see this reflected in the pictures.  This year however we have been exposing my parents to heavier games and now the delineation when purchasing games isn't really needed.

&amp;#x200B;

My parents have successfully learned and played Pandemic, Stone Age, Citadels and Clank will be most likely next weekend.  This breakthrough has lowered the restrictions on how my wife &amp; I buy things as we initially wanted to expose my parents to lighter designers games but now we feel they're capable of playing anything we would enjoy as well.

&amp;#x200B;

Majority of our games are acquired via classifieds, with gifts and new buys being the minority.

&amp;#x200B;

**Current Favorites**

&amp;#x200B;

Her: Sentinels of the Multiverse, Thunderstone Advance, Covert, Great Western Trail, Decrypto

Me: Roll Player, Dominion, Sentinels of the Multivese, Imperial Settlers, Great Western Trail, 7 Wonders Duel

&amp;#x200B;

**Newest Games**

&amp;#x200B;

\- Clank

\- Azul

\- Sagrada

\- Kingsforge

\- Architects of the West Kingdom

&amp;#x200B;

**Prized Possessions**

&amp;#x200B;

Our Sentinels of the Multiverse big box with the drawers and room for all the expansions.  One of our first bulk purchases when we got into this included Sentinels of the Multiverse deluxe with over 50% of the expansion content, environments, etc in the box.  We fell in love with the game and picked up some of the missing content and bought the big box to hold it all.

&amp;#x200B;

My wife owns a woodworking shop and I aided in the construction of a custom dice tray and card holders which always get attention.

&amp;#x200B;

**Have / Haven't played**

&amp;#x200B;

We make a concerted effort to rotate the games we play as much as we can so everything is played in our collection to some degree.  We do get in grooves where we fall in love with a game again that hadn't been played much and go on a binge with it.  That being said there are a few games that don't see too much action

&amp;#x200B;

\- Shadowrun Crossfire: for reason listed above

\- Kingdom Builder: I like it, wife hates it.  Have only played 2 player.  Thinking of trying with the parents to see if it's better @ 4

\- Power Grid: Didn't mind it but theme didn't really do anything for us, no expansions.  Also only played with 2 player

\- Ascension Darkness Unleashed: First Ascension game we got, but then we picked up Immortal Heroes which we prefer over it.

\- Marvel Dice Masters X-Men vs Avengers: Found the rules confusing and we're not fans of direct conflict games.

&amp;#x200B;

**Potentially leaving collection**

&amp;#x200B;

\- Shadowrun Crossfire

\- Kingdom Builder

\- Ascension Darkness Unleashed

\- Marvel Dice Masters X-Men vs Avengers

\- Munchkin: Not fun with 2 players, we did finally play it with 3 but it didn't get better for us.  It was an early somewhat un-research purchase.

&amp;#x200B;

**Gaming Habits**

&amp;#x200B;

My wife &amp; I play at least a few games during the week, followed by a 'game night' with my parents every weekend which usually consists of a 5 hour session of 2 heavy hitter games and 2 fillers.  This replaced a previous weekend 'movie night' and we're finding this a lot more entertaining.

&amp;#x200B;

**Misc**

&amp;#x200B;

\- My wife &amp; I have near 500 logged plays each and the parents have just passed 150 plays each.

\- I log every possible detail to BGG (I'm a software engineer) and like to have as much data as possible.

\- Our current gaming table is our 3 x 7' farmhouse dining table which we just purchased a 'Big Viking Game Mats' mat for.

\- We have kickstarted 4 or 5 games now and enjoy helping getting these cool game designs published where they might not otherwise come into existence.

\- Shelving unit is currently an Ikea Kallax at max capacity.  Looking to add an 8 cubby unit soon.

&amp;#x200B;

&amp;#x200B;

Have been enjoying exploring everyone's collections and reading about their designer hobby experiences.  Looking forward to answering any questions you might have for us about our developing collection.

&amp;#x200B;

Thanks!","&lt;!-- SC_OFF --&gt;&lt;div class=""md""&gt;&lt;p&gt;&amp;#x200B;&lt;/p&gt;

&lt;p&gt;&lt;a href=""https://imgur.com/a/60E9QPT""&gt;Current Collection&lt;/a&gt;&lt;/p&gt;

&lt;p&gt;&amp;#x200B;&lt;/p&gt;

&lt;p&gt;&lt;strong&gt;How long have you been involved in the hobby?&lt;/strong&gt;&lt;/p&gt;

&lt;p&gt;&amp;#x200B;&lt;/p&gt;

&lt;p&gt;Some background:&lt;/p&gt;

&lt;p&gt;My wife and I received Catan and Carcasonne some years ago as gifts after playing them elsewhere but we never cracked them open at the time.  About 3 years ago my interest in collecting comic books led us to go into a comic/game store while on vacation where we first discovered how many designer games there are, as this particular shop had them wall to wall / ceiling to floor.  We were overwhelmed by the selection which was  obvious to another customer in the store who asked if we played games and we told them this would be our first purchase of a designer game.  She recommended as the must buy first purchase Dominion (1st ed.) which we took her up on.  That game went on a shelf when we got back from vacation and sat there for a year or so.&lt;/p&gt;

&lt;p&gt;&amp;#x200B;&lt;/p&gt;

&lt;p&gt;About a year or so later we finally decided to crack it open since it was quite expensive, unwrapped all the cards, my wife started reading the manual and gave up shortly after.  We put all cards back and the game went back on the shelf.&lt;/p&gt;

&lt;p&gt;&amp;#x200B;&lt;/p&gt;

&lt;p&gt;Fast forward to summer 2018, we had been playing mainstream games while waiting for dinner to cook etc.  Things like Mille Bornes, Rack-O, Rummikkub.  That got us talking about the Dominion game we shelved a year earlier and we decided to give it another go. This time we stuck with it and we instantly fell in love with it.&lt;/p&gt;

&lt;p&gt;&amp;#x200B;&lt;/p&gt;

&lt;p&gt;From there on out we started visiting BGG and getting a feel for the kind of games we wanted to try. One of the benefits of getting into this hobby late was that a lot of collectors were getting rid of older games (new to us) to make room for new ones. That allowed to take advantage of some really great bulk deals to kick start our collection.&lt;/p&gt;

&lt;p&gt;&amp;#x200B;&lt;/p&gt;

&lt;p&gt;&lt;strong&gt;What would you change about your collection if you could?&lt;/strong&gt;&lt;/p&gt;

&lt;p&gt;&amp;#x200B;&lt;/p&gt;

&lt;p&gt;One regret is giving up on Dominion so easily years ago as we missed out on several years of enjoying that game and many others.  Part and parcel with that is the fact we narrowing missed acquiring 7th Continent via Kickstarter on a short re-release as that happened around the same time we let ourselves be intimidated by the Dominion rule book.  Now that we&amp;#39;re much more comfortable with terminology and play styles we know it&amp;#39;s a game we would love, but also very close to the top of our wish list.&lt;/p&gt;

&lt;p&gt;&amp;#x200B;&lt;/p&gt;

&lt;p&gt;As far regretful purchases in our collection, my wife and I have so far have put in a lot of research, testing at game cafes, videos, etc prior to purchasing almost all of our games.  We&amp;#39;ve been very fortunate that almost of our collection gets played every 6 months.  With exception of  Shadowrun Crossfire where we discovered the particular engine used was not to our liking and can create wide swings of difficulty which is frustrating.&lt;/p&gt;

&lt;p&gt;&amp;#x200B;&lt;/p&gt;

&lt;p&gt;&lt;strong&gt;About our collection&lt;/strong&gt;&lt;/p&gt;

&lt;p&gt;&amp;#x200B;&lt;/p&gt;

&lt;p&gt;We started building our collection under the premise that we needed to balance our purchases with lighter games when we have our game night with my 70 year old parents every weekend and heavier games when it&amp;#39;s just my wife &amp;amp; I playing.  You will see this reflected in the pictures.  This year however we have been exposing my parents to heavier games and now the delineation when purchasing games isn&amp;#39;t really needed.&lt;/p&gt;

&lt;p&gt;&amp;#x200B;&lt;/p&gt;

&lt;p&gt;My parents have successfully learned and played Pandemic, Stone Age, Citadels and Clank will be most likely next weekend.  This breakthrough has lowered the restrictions on how my wife &amp;amp; I buy things as we initially wanted to expose my parents to lighter designers games but now we feel they&amp;#39;re capable of playing anything we would enjoy as well.&lt;/p&gt;

&lt;p&gt;&amp;#x200B;&lt;/p&gt;

&lt;p&gt;Majority of our games are acquired via classifieds, with gifts and new buys being the minority.&lt;/p&gt;

&lt;p&gt;&amp;#x200B;&lt;/p&gt;

&lt;p&gt;&lt;strong&gt;Current Favorites&lt;/strong&gt;&lt;/p&gt;

&lt;p&gt;&amp;#x200B;&lt;/p&gt;

&lt;p&gt;Her: Sentinels of the Multiverse, Thunderstone Advance, Covert, Great Western Trail, Decrypto&lt;/p&gt;

&lt;p&gt;Me: Roll Player, Dominion, Sentinels of the Multivese, Imperial Settlers, Great Western Trail, 7 Wonders Duel&lt;/p&gt;

&lt;p&gt;&amp;#x200B;&lt;/p&gt;

&lt;p&gt;&lt;strong&gt;Newest Games&lt;/strong&gt;&lt;/p&gt;

&lt;p&gt;&amp;#x200B;&lt;/p&gt;

&lt;p&gt;- Clank&lt;/p&gt;

&lt;p&gt;- Azul&lt;/p&gt;

&lt;p&gt;- Sagrada&lt;/p&gt;

&lt;p&gt;- Kingsforge&lt;/p&gt;

&lt;p&gt;- Architects of the West Kingdom&lt;/p&gt;

&lt;p&gt;&amp;#x200B;&lt;/p&gt;

&lt;p&gt;&lt;strong&gt;Prized Possessions&lt;/strong&gt;&lt;/p&gt;

&lt;p&gt;&amp;#x200B;&lt;/p&gt;

&lt;p&gt;Our Sentinels of the Multiverse big box with the drawers and room for all the expansions.  One of our first bulk purchases when we got into this included Sentinels of the Multiverse deluxe with over 50% of the expansion content, environments, etc in the box.  We fell in love with the game and picked up some of the missing content and bought the big box to hold it all.&lt;/p&gt;

&lt;p&gt;&amp;#x200B;&lt;/p&gt;

&lt;p&gt;My wife owns a woodworking shop and I aided in the construction of a custom dice tray and card holders which always get attention.&lt;/p&gt;

&lt;p&gt;&amp;#x200B;&lt;/p&gt;

&lt;p&gt;&lt;strong&gt;Have / Haven&amp;#39;t played&lt;/strong&gt;&lt;/p&gt;

&lt;p&gt;&amp;#x200B;&lt;/p&gt;

&lt;p&gt;We make a concerted effort to rotate the games we play as much as we can so everything is played in our collection to some degree.  We do get in grooves where we fall in love with a game again that hadn&amp;#39;t been played much and go on a binge with it.  That being said there are a few games that don&amp;#39;t see too much action&lt;/p&gt;

&lt;p&gt;&amp;#x200B;&lt;/p&gt;

&lt;p&gt;- Shadowrun Crossfire: for reason listed above&lt;/p&gt;

&lt;p&gt;- Kingdom Builder: I like it, wife hates it.  Have only played 2 player.  Thinking of trying with the parents to see if it&amp;#39;s better @ 4&lt;/p&gt;

&lt;p&gt;- Power Grid: Didn&amp;#39;t mind it but theme didn&amp;#39;t really do anything for us, no expansions.  Also only played with 2 player&lt;/p&gt;

&lt;p&gt;- Ascension Darkness Unleashed: First Ascension game we got, but then we picked up Immortal Heroes which we prefer over it.&lt;/p&gt;

&lt;p&gt;- Marvel Dice Masters X-Men vs Avengers: Found the rules confusing and we&amp;#39;re not fans of direct conflict games.&lt;/p&gt;

&lt;p&gt;&amp;#x200B;&lt;/p&gt;

&lt;p&gt;&lt;strong&gt;Potentially leaving collection&lt;/strong&gt;&lt;/p&gt;

&lt;p&gt;&amp;#x200B;&lt;/p&gt;

&lt;p&gt;- Shadowrun Crossfire&lt;/p&gt;

&lt;p&gt;- Kingdom Builder&lt;/p&gt;

&lt;p&gt;- Ascension Darkness Unleashed&lt;/p&gt;

&lt;p&gt;- Marvel Dice Masters X-Men vs Avengers&lt;/p&gt;

&lt;p&gt;- Munchkin: Not fun with 2 players, we did finally play it with 3 but it didn&amp;#39;t get better for us.  It was an early somewhat un-research purchase.&lt;/p&gt;

&lt;p&gt;&amp;#x200B;&lt;/p&gt;

&lt;p&gt;&lt;strong&gt;Gaming Habits&lt;/strong&gt;&lt;/p&gt;

&lt;p&gt;&amp;#x200B;&lt;/p&gt;

&lt;p&gt;My wife &amp;amp; I play at least a few games during the week, followed by a &amp;#39;game night&amp;#39; with my parents every weekend which usually consists of a 5 hour session of 2 heavy hitter games and 2 fillers.  This replaced a previous weekend &amp;#39;movie night&amp;#39; and we&amp;#39;re finding this a lot more entertaining.&lt;/p&gt;

&lt;p&gt;&amp;#x200B;&lt;/p&gt;

&lt;p&gt;&lt;strong&gt;Misc&lt;/strong&gt;&lt;/p&gt;

&lt;p&gt;&amp;#x200B;&lt;/p&gt;

&lt;p&gt;- My wife &amp;amp; I have near 500 logged plays each and the parents have just passed 150 plays each.&lt;/p&gt;

&lt;p&gt;- I log every possible detail to BGG (I&amp;#39;m a software engineer) and like to have as much data as possible.&lt;/p&gt;

&lt;p&gt;- Our current gaming table is our 3 x 7&amp;#39; farmhouse dining table which we just purchased a &amp;#39;Big Viking Game Mats&amp;#39; mat for.&lt;/p&gt;

&lt;p&gt;- We have kickstarted 4 or 5 games now and enjoy helping getting these cool game designs published where they might not otherwise come into existence.&lt;/p&gt;

&lt;p&gt;- Shelving unit is currently an Ikea Kallax at max capacity.  Looking to add an 8 cubby unit soon.&lt;/p&gt;

&lt;p&gt;&amp;#x200B;&lt;/p&gt;

&lt;p&gt;&amp;#x200B;&lt;/p&gt;

&lt;p&gt;Have been enjoying exploring everyone&amp;#39;s collections and reading about their designer hobby experiences.  Looking forward to answering any questions you might have for us about our developing collection.&lt;/p&gt;

&lt;p&gt;&amp;#x200B;&lt;/p&gt;

&lt;p&gt;Thanks!&lt;/p&gt;
&lt;/div&gt;&lt;!-- SC_ON --&gt;",True,False,False,boardgames,t5_2qmjp,r/boardgames,1942591,public,,self,,,[COMC] Game collection - been collecting for about a year.,0,40,https://www.reddit.com/r/boardgames/comments/bykyvo/comc_game_collection_been_collecting_for_about_a/,[],,False,all_ads,6
9,[],,,False,x-FiftyThree-x,,,[],,,,text,t2_9p3rzro,False,,,False,False,,False,,False,1560143631.0,1560114831.0,,self.boardgames,0,False,0,{},False,False,byp7h9,False,False,False,False,True,True,False,,,,[],,,dark,text,False,,{},False,,,,[],t3_byp7h9,False,2,0,,False,all_ads,/r/boardgames/comments/byp7h9/gaia_project_any_advice_for_solo_play/,False,,,6,False,,,False,11,,{},"Hi guys. I've just picked up Gaia Project mainly for multiplayer games but I'd like try solo a couple of times to get a feel for it. The problem is I think I've learnt the normal rules easily enough but for some reason I'm just getting confused by the rules for the Automa. I haven't managed to grasp the meaning of the layout, symbols, or steps for resolution.

Other than rereading the rulebook, can anyone recommend any good resources for teaching solo play?

I wish there was an Automa app for this game like Scythekick which took all the admin out for you, works out placement etc.","&lt;!-- SC_OFF --&gt;&lt;div class=""md""&gt;&lt;p&gt;Hi guys. I&amp;#39;ve just picked up Gaia Project mainly for multiplayer games but I&amp;#39;d like try solo a couple of times to get a feel for it. The problem is I think I&amp;#39;ve learnt the normal rules easily enough but for some reason I&amp;#39;m just getting confused by the rules for the Automa. I haven&amp;#39;t managed to grasp the meaning of the layout, symbols, or steps for resolution.&lt;/p&gt;

&lt;p&gt;Other than rereading the rulebook, can anyone recommend any good resources for teaching solo play?&lt;/p&gt;

&lt;p&gt;I wish there was an Automa app for this game like Scythekick which took all the admin out for you, works out placement etc.&lt;/p&gt;
&lt;/div&gt;&lt;!-- SC_ON --&gt;",True,False,False,boardgames,t5_2qmjp,r/boardgames,1942591,public,,self,,,Gaia Project - Any advice for solo play?,0,11,https://www.reddit.com/r/boardgames/comments/byp7h9/gaia_project_any_advice_for_solo_play/,[],,False,all_ads,6
10,[],,,False,lutei_penguin,,,[],,,,text,t2_27v45h2p,False,,,False,False,,False,,False,1560146002.0,1560117202.0,,self.boardgames,0,False,0,{},False,False,bypmwg,False,False,False,False,True,True,False,,#edeff1,,"[{'e': 'text', 't': 'Question [ANSWERED]'}]",e9f90470-b792-11e8-b19d-0e341b525318,Question [ANSWERED],dark,richtext,False,,{},False,,,,[],t3_bypmwg,True,2,0,,False,all_ads,/r/boardgames/comments/bypmwg/coup_card_game_rule_clarification/,False,,,6,False,,,False,8,,{},If you have 2 dukes in hand can you take 6 coins from treasury instead of the normal 3? I don‚Äôt think you can but it never covers it in the rules.,"&lt;!-- SC_OFF --&gt;&lt;div class=""md""&gt;&lt;p&gt;If you have 2 dukes in hand can you take 6 coins from treasury instead of the normal 3? I don‚Äôt think you can but it never covers it in the rules.&lt;/p&gt;
&lt;/div&gt;&lt;!-- SC_ON --&gt;",True,False,False,boardgames,t5_2qmjp,r/boardgames,1942591,public,,self,,,Coup Card Game Rule Clarification,0,8,https://www.reddit.com/r/boardgames/comments/bypmwg/coup_card_game_rule_clarification/,[],,False,all_ads,6
11,[],,,False,monstron,,quantum,"[{'e': 'text', 't': 'Quantum'}]",65ee7b7e-18ab-11e7-8742-0e3cfa1139b6,Quantum,dark,richtext,t2_qa1rp,False,,,False,False,,False,,False,1560148003.0,1560119203.0,,self.boardgames,0,1560119414.0,0,{},False,False,bypzyx,False,False,False,False,True,True,False,,,review,"[{'e': 'text', 't': 'Review'}]",9beed2b0-4636-11e2-af77-12313b0ce1e2,Review,dark,richtext,False,,{},False,,,,[],t3_bypzyx,False,1,0,,False,all_ads,/r/boardgames/comments/bypzyx/memoir_44_a_new_flight_plan_a_component_review_of/,False,,,6,False,,,False,7,,{},"**Awww, what's in the box?**

NFP includes 16  Airplane Figures, 3 Airplane Stands, 30 Air Combat Cards, 8 Summary  Cards, 15 Nation Markers, 18 Machine Gun and 12 Bomb Markers, 1 Rules  booklet and 1 Scenario booklet with 21 new Scenarios.

What's important to notice here is that while the box includes an awesome amount of historical aircraft, ***it only includes*** ***3 airplane stands.*** Looking forward to epic air battles? Well, not with three stands. Memoir '44 is a ground warfare game, but this expansion is dedicated to air combat and includes at least three planes for every Memoir '44 faction. With so many planes in the box but not enough stands for even two factions to have all their planes in the air seems like a blatant attempt to force dedicated players to purchase two copies of the expansion. This is something avid Memoir '44 players do compulsively but it's a bit sad to see the expansion so hamstrung out of the gate.

Despite being scarce, the stands are well designed with a slot on them to place a visual marker to indicate what aircraft you have in play, which is really useful because ***all of the planes are the same color plastic***. Players not wanting to check a token to figure out what faction's plane is in the air will have to paint their models. I speed painted my planes to somewhat match the faction plastic for my ground forces, plus I color coded my planes' wingtips to match the Summary Cards to indicate if an aircraft is a fighter, a fighter-bomber, or a bomber. This might seem redundant, but there are several models that are somewhat in-between size wise which could make it difficult at first glance to figure out whether your armor units are at risk from an aircraft or not. This bit of reference paint solves a gameplay problem, but it does remove some of the realism from the painted aircraft.

The models themselves are satisfactory and on par with the rest of Memoir '44. The heavy bombers look great and were really fun to paint. The smaller fighters, on the other hand, lack detail and don't hold their shape well - several of the small fighters had bent tail ends. This was pretty mild, but noticeable. If you're a perfectionist you might want to use some hot water to try to set the models straight because I imagine most of the kits will have this problem. The small fighter models are also so tiny that I really worry about losing them.

The cards and markers are standard Memoir '44, with the Air Combat cards being treated as all other Combat Cards introduced in Winter Wars, Sword of Stalingrad, and Through Jungle and Desert. If you haven't played with Combat Cards before, then this will be new to you. What's cool is if you have these other expansions, you can mix and match Air Combat in with these other collections, making for some really interesting scenarios.

If you're a Memoir '44 fan and considering buying this set I would say you should ***maybe*** buy it. Do you own most of the other Combat cards? Then definitely buy it; the potential for fun and interesting Combat Card synergies is too good to pass up. Do you mostly play two players? Buy it if you're interested in seeing what a few planes can do to the battlefield but don't expect epic air duels due to a lack of stands. Do you mostly play Overlord? It seems like you need two copies to make the expansion Overlord-ready, but that is the case with most Memoir '44 expansions.

If you have any more questions about the components or other features of the expansion let me know. I can also provide some tips on how to paint your set in a few hours assuming you aren't picky about historical accuracy.","&lt;!-- SC_OFF --&gt;&lt;div class=""md""&gt;&lt;p&gt;&lt;strong&gt;Awww, what&amp;#39;s in the box?&lt;/strong&gt;&lt;/p&gt;

&lt;p&gt;NFP includes 16  Airplane Figures, 3 Airplane Stands, 30 Air Combat Cards, 8 Summary  Cards, 15 Nation Markers, 18 Machine Gun and 12 Bomb Markers, 1 Rules  booklet and 1 Scenario booklet with 21 new Scenarios.&lt;/p&gt;

&lt;p&gt;What&amp;#39;s important to notice here is that while the box includes an awesome amount of historical aircraft, &lt;strong&gt;&lt;em&gt;it only includes&lt;/em&gt;&lt;/strong&gt; &lt;strong&gt;&lt;em&gt;3 airplane stands.&lt;/em&gt;&lt;/strong&gt; Looking forward to epic air battles? Well, not with three stands. Memoir &amp;#39;44 is a ground warfare game, but this expansion is dedicated to air combat and includes at least three planes for every Memoir &amp;#39;44 faction. With so many planes in the box but not enough stands for even two factions to have all their planes in the air seems like a blatant attempt to force dedicated players to purchase two copies of the expansion. This is something avid Memoir &amp;#39;44 players do compulsively but it&amp;#39;s a bit sad to see the expansion so hamstrung out of the gate.&lt;/p&gt;

&lt;p&gt;Despite being scarce, the stands are well designed with a slot on them to place a visual marker to indicate what aircraft you have in play, which is really useful because &lt;strong&gt;&lt;em&gt;all of the planes are the same color plastic&lt;/em&gt;&lt;/strong&gt;. Players not wanting to check a token to figure out what faction&amp;#39;s plane is in the air will have to paint their models. I speed painted my planes to somewhat match the faction plastic for my ground forces, plus I color coded my planes&amp;#39; wingtips to match the Summary Cards to indicate if an aircraft is a fighter, a fighter-bomber, or a bomber. This might seem redundant, but there are several models that are somewhat in-between size wise which could make it difficult at first glance to figure out whether your armor units are at risk from an aircraft or not. This bit of reference paint solves a gameplay problem, but it does remove some of the realism from the painted aircraft.&lt;/p&gt;

&lt;p&gt;The models themselves are satisfactory and on par with the rest of Memoir &amp;#39;44. The heavy bombers look great and were really fun to paint. The smaller fighters, on the other hand, lack detail and don&amp;#39;t hold their shape well - several of the small fighters had bent tail ends. This was pretty mild, but noticeable. If you&amp;#39;re a perfectionist you might want to use some hot water to try to set the models straight because I imagine most of the kits will have this problem. The small fighter models are also so tiny that I really worry about losing them.&lt;/p&gt;

&lt;p&gt;The cards and markers are standard Memoir &amp;#39;44, with the Air Combat cards being treated as all other Combat Cards introduced in Winter Wars, Sword of Stalingrad, and Through Jungle and Desert. If you haven&amp;#39;t played with Combat Cards before, then this will be new to you. What&amp;#39;s cool is if you have these other expansions, you can mix and match Air Combat in with these other collections, making for some really interesting scenarios.&lt;/p&gt;

&lt;p&gt;If you&amp;#39;re a Memoir &amp;#39;44 fan and considering buying this set I would say you should &lt;strong&gt;&lt;em&gt;maybe&lt;/em&gt;&lt;/strong&gt; buy it. Do you own most of the other Combat cards? Then definitely buy it; the potential for fun and interesting Combat Card synergies is too good to pass up. Do you mostly play two players? Buy it if you&amp;#39;re interested in seeing what a few planes can do to the battlefield but don&amp;#39;t expect epic air duels due to a lack of stands. Do you mostly play Overlord? It seems like you need two copies to make the expansion Overlord-ready, but that is the case with most Memoir &amp;#39;44 expansions.&lt;/p&gt;

&lt;p&gt;If you have any more questions about the components or other features of the expansion let me know. I can also provide some tips on how to paint your set in a few hours assuming you aren&amp;#39;t picky about historical accuracy.&lt;/p&gt;
&lt;/div&gt;&lt;!-- SC_ON --&gt;",True,False,False,boardgames,t5_2qmjp,r/boardgames,1942591,public,,self,,,Memoir '44: A New Flight Plan - A component review of the new expansion.,0,7,https://www.reddit.com/r/boardgames/comments/bypzyx/memoir_44_a_new_flight_plan_a_component_review_of/,[],,False,all_ads,6
12,[],,,False,dpollere,,pandemic,"[{'e': 'text', 't': 'Pandemic'}]",553efa42-18ab-11e7-9756-0ed152d2be1c,Pandemic,dark,richtext,t2_rnelx,False,,,False,False,,False,,False,1560150875.0,1560122075.0,,self.boardgames,0,False,0,{},False,True,byqhq1,False,False,False,False,True,True,False,,,howto,"[{'e': 'text', 't': 'How-To/DIY'}]",00a3aaec-7138-11e7-82b7-0e38c8f4bbce,How-To/DIY,dark,richtext,False,,{},False,,,,[],t3_byqhq1,False,0,0,,False,all_ads,/r/boardgames/comments/byqhq1/organizer_i_made_for_sidereal_confluence_out_of/,False,self,"{'images': [{'source': {'url': 'https://external-preview.redd.it/xKxTvHT93hMipbhq2fgLbeGL-P8XTyfuZyorGSwWhXo.jpg?auto=webp&amp;s=e70313b9f1b46ec88f040cff02d3e6f96e81ca18', 'width': 1536, 'height': 2048}, 'resolutions': [{'url': 'https://external-preview.redd.it/xKxTvHT93hMipbhq2fgLbeGL-P8XTyfuZyorGSwWhXo.jpg?width=108&amp;crop=smart&amp;auto=webp&amp;s=1d90a95cc1836f30261fa9b1f9ad335aaac207ca', 'width': 108, 'height': 144}, {'url': 'https://external-preview.redd.it/xKxTvHT93hMipbhq2fgLbeGL-P8XTyfuZyorGSwWhXo.jpg?width=216&amp;crop=smart&amp;auto=webp&amp;s=c3a1e3249da71de78e15d78089e0329777046223', 'width': 216, 'height': 288}, {'url': 'https://external-preview.redd.it/xKxTvHT93hMipbhq2fgLbeGL-P8XTyfuZyorGSwWhXo.jpg?width=320&amp;crop=smart&amp;auto=webp&amp;s=bbf8f1588a24a5d2decf5a4644f34529e3c6b0c4', 'width': 320, 'height': 426}, {'url': 'https://external-preview.redd.it/xKxTvHT93hMipbhq2fgLbeGL-P8XTyfuZyorGSwWhXo.jpg?width=640&amp;crop=smart&amp;auto=webp&amp;s=9e0778765915cbe0d27537da7e4b65cb22b54465', 'width': 640, 'height': 853}, {'url': 'https://external-preview.redd.it/xKxTvHT93hMipbhq2fgLbeGL-P8XTyfuZyorGSwWhXo.jpg?width=960&amp;crop=smart&amp;auto=webp&amp;s=8a8cc455803df43dc06515d2d30b0dcfc63db817', 'width': 960, 'height': 1280}, {'url': 'https://external-preview.redd.it/xKxTvHT93hMipbhq2fgLbeGL-P8XTyfuZyorGSwWhXo.jpg?width=1080&amp;crop=smart&amp;auto=webp&amp;s=15aeef5422ce55436e5e69fbc6f79f315ac2c438', 'width': 1080, 'height': 1440}], 'variants': {}, 'id': 'bBra0xzwumemPuJzyb8XqgFciTIVXEN4-x0E1iyZyxQ'}], 'enabled': False}",6,False,,,False,7,,{},"

[Sidereal Confluence Insert](https://imgur.com/gallery/tWFjJq9)

I‚Äôve made a few of these now. I find them super helpful for set up / take down. What do you guys think? Ever made or considered making an organizer for any of your games?","&lt;!-- SC_OFF --&gt;&lt;div class=""md""&gt;&lt;p&gt;&lt;a href=""https://imgur.com/gallery/tWFjJq9""&gt;Sidereal Confluence Insert&lt;/a&gt;&lt;/p&gt;

&lt;p&gt;I‚Äôve made a few of these now. I find them super helpful for set up / take down. What do you guys think? Ever made or considered making an organizer for any of your games?&lt;/p&gt;
&lt;/div&gt;&lt;!-- SC_ON --&gt;",True,False,False,boardgames,t5_2qmjp,r/boardgames,1942591,public,,self,,,Organizer I made for Sidereal Confluence out of foamcore,0,7,https://www.reddit.com/r/boardgames/comments/byqhq1/organizer_i_made_for_sidereal_confluence_out_of/,[],,False,all_ads,6
13,[],,,False,Panigg,,,[],,,,text,t2_6m3pf,False,,,False,False,,False,,False,1560127947.0,1560099147.0,,reddit.com,0,False,0,{},False,False,bym97e,False,False,False,False,True,False,False,,,,[],,,dark,text,False,,{},False,,,,[],t3_bym97e,False,0,0,,False,all_ads,/r/boardgames/comments/bym97e/xpost_from_rberlinsocialclub_looking_for_board/,False,link,"{'images': [{'source': {'url': 'https://external-preview.redd.it/iPEWVLG8v3VmacBbb3322tHdOPByroNU-e-5fRl8qjY.jpg?auto=webp&amp;s=9f9de938d6e79ca0f698851011caa142db025de4', 'width': 256, 'height': 256}, 'resolutions': [{'url': 'https://external-preview.redd.it/iPEWVLG8v3VmacBbb3322tHdOPByroNU-e-5fRl8qjY.jpg?width=108&amp;crop=smart&amp;auto=webp&amp;s=d36a9c36f59aebf4e96ebacf9cad3c207131c2ff', 'width': 108, 'height': 108}, {'url': 'https://external-preview.redd.it/iPEWVLG8v3VmacBbb3322tHdOPByroNU-e-5fRl8qjY.jpg?width=216&amp;crop=smart&amp;auto=webp&amp;s=64c1f6c0337c810084a3ad5e777cd3aea89f89f1', 'width': 216, 'height': 216}], 'variants': {}, 'id': 'tYcca__B981Md52bBlfvfdo-MlQiCaKlQY9HNUmxlkw'}], 'enabled': False}",6,False,,,False,16,,{},,,True,False,False,boardgames,t5_2qmjp,r/boardgames,1942591,public,,https://b.thumbs.redditmedia.com/kLul-ybpmt3bWrDVONQOMuUwP0ei5GoMk7heu2pm-8Q.jpg,140.0,140.0,"Xpost from r/berlinsocialclub - Looking for Board Gamers from Berlin, Germany, interested in testing a new game.",0,16,https://www.reddit.com/r/berlinsocialclub/comments/bym5sk/looking_for_board_gamers_in_berlin_to_playtest/,[],,False,all_ads,6
14,[],,,False,ya_bebto,,,[],,,,text,t2_9ckpjxl,False,,,False,False,,False,,False,1560138269.0,1560109469.0,,self.boardgames,0,False,0,{},False,False,byo7a5,False,False,False,False,True,True,False,,,,[],,,dark,text,False,,{},False,,,,[],t3_byo7a5,False,8,0,,False,all_ads,/r/boardgames/comments/byo7a5/extensive_monopoly_analysis/,False,,,6,False,,,False,11,,{},"I wanted my friends to stop suggesting we play Monopoly, so I [broke down the game and made a write-up](https://drive.google.com/drive/folders/1P1ueHHNn_ea_F7AG9BjqqCH80fJutxSM?usp=sharing).

It's really easy to compare prices to profits on properties, but players are funneled to specific areas of the board, so i modeled players moving about the board to give a better metric for comparing properties, which is all done in excel tables which are available.  I don't have experience using VBA or custom functions in excel, so if you poke around the formulas in the tables for modeling player movement they'll look like a mess of cell references and multipliers, and I can explain what each part does if someone plans on editing it or wants to mess with it.  I also talked about monopolizing the house market in the game, which is a very devious strategy that can lock down the game with the two cheapest property sets.

I really hate monopoly because it takes forever and there are very few interesting decisions you have to make during the game, as movement is entirely random (excluding choosing how to escape jail), and movement essentially determines what happens to you in the game

Also i might be slightly colorblind because I call the second set of properties grey but everyone else seems to call them light blue?","&lt;!-- SC_OFF --&gt;&lt;div class=""md""&gt;&lt;p&gt;I wanted my friends to stop suggesting we play Monopoly, so I &lt;a href=""https://drive.google.com/drive/folders/1P1ueHHNn_ea_F7AG9BjqqCH80fJutxSM?usp=sharing""&gt;broke down the game and made a write-up&lt;/a&gt;.&lt;/p&gt;

&lt;p&gt;It&amp;#39;s really easy to compare prices to profits on properties, but players are funneled to specific areas of the board, so i modeled players moving about the board to give a better metric for comparing properties, which is all done in excel tables which are available.  I don&amp;#39;t have experience using VBA or custom functions in excel, so if you poke around the formulas in the tables for modeling player movement they&amp;#39;ll look like a mess of cell references and multipliers, and I can explain what each part does if someone plans on editing it or wants to mess with it.  I also talked about monopolizing the house market in the game, which is a very devious strategy that can lock down the game with the two cheapest property sets.&lt;/p&gt;

&lt;p&gt;I really hate monopoly because it takes forever and there are very few interesting decisions you have to make during the game, as movement is entirely random (excluding choosing how to escape jail), and movement essentially determines what happens to you in the game&lt;/p&gt;

&lt;p&gt;Also i might be slightly colorblind because I call the second set of properties grey but everyone else seems to call them light blue?&lt;/p&gt;
&lt;/div&gt;&lt;!-- SC_ON --&gt;",True,False,False,boardgames,t5_2qmjp,r/boardgames,1942591,public,,self,,,Extensive Monopoly Analysis,0,11,https://www.reddit.com/r/boardgames/comments/byo7a5/extensive_monopoly_analysis/,[],,False,all_ads,6
15,[],,,False,PotNoodlePolypeptide,,,[],,,,text,t2_3sux3zmv,False,,,False,False,,False,,False,1560138413.0,1560109613.0,,self.boardgames,0,False,0,{},False,False,byo87y,False,False,False,False,True,True,False,,,,[],,,dark,text,False,,{},False,,,,[],t3_byo87y,False,15,0,,False,all_ads,/r/boardgames/comments/byo87y/does_any_one_know_of_any_organised_holidays_for/,False,,,6,False,,,False,9,,{},"Anywhere, anytime üòä I haven‚Äôt been able to find out about one so far","&lt;!-- SC_OFF --&gt;&lt;div class=""md""&gt;&lt;p&gt;Anywhere, anytime üòä I haven‚Äôt been able to find out about one so far&lt;/p&gt;
&lt;/div&gt;&lt;!-- SC_ON --&gt;",True,False,False,boardgames,t5_2qmjp,r/boardgames,1942591,public,,self,,,Does any one know of any organised holidays for board gamers?,0,9,https://www.reddit.com/r/boardgames/comments/byo87y/does_any_one_know_of_any_organised_holidays_for/,[],,False,all_ads,6
16,[],,,False,kierco_2002,#edeff1,,"[{'a': ':spirit_island:', 'e': 'emoji', 'u': 'https://emoji.redditmedia.com/5dhccdeqncf11_t5_2qmjp/spirit_island'}, {'e': 'text', 't': ' Spirit Island'}]",2fdfa772-9cf0-11e8-922c-0e3a76b3c6b0,:spirit_island: Spirit Island,dark,richtext,t2_6hkkk,False,,,False,False,,False,,False,1560109085.0,1560080285.0,,self.boardgames,0,False,0,{},False,False,byjd6l,False,False,False,False,True,True,False,,,,"[{'e': 'text', 't': 'COMC'}]",734914a6-426b-11e8-8511-0e863647358e,COMC,dark,richtext,False,,{},False,,,,[],t3_byjd6l,False,16,0,,False,all_ads,/r/boardgames/comments/byjd6l/comc_been_in_the_hobby_for_about_5_years_now/,False,self,"{'images': [{'source': {'url': 'https://external-preview.redd.it/5vE8B8vUDdqzOdk851lCmEZB85sEcfnA88QKuE1NNFk.jpg?auto=webp&amp;s=44bf5a4615b4e22c6a5b1e35fce40e6e4e39454f', 'width': 1080, 'height': 1073}, 'resolutions': [{'url': 'https://external-preview.redd.it/5vE8B8vUDdqzOdk851lCmEZB85sEcfnA88QKuE1NNFk.jpg?width=108&amp;crop=smart&amp;auto=webp&amp;s=1adeed9840675bfd7457e3934bd0a7591b7e6942', 'width': 108, 'height': 107}, {'url': 'https://external-preview.redd.it/5vE8B8vUDdqzOdk851lCmEZB85sEcfnA88QKuE1NNFk.jpg?width=216&amp;crop=smart&amp;auto=webp&amp;s=30dcd29723a16ee6eca94b47ff991d9acca4f967', 'width': 216, 'height': 214}, {'url': 'https://external-preview.redd.it/5vE8B8vUDdqzOdk851lCmEZB85sEcfnA88QKuE1NNFk.jpg?width=320&amp;crop=smart&amp;auto=webp&amp;s=30de61db2cf1d9b39452ef4d2bfbfb88dabe5a21', 'width': 320, 'height': 317}, {'url': 'https://external-preview.redd.it/5vE8B8vUDdqzOdk851lCmEZB85sEcfnA88QKuE1NNFk.jpg?width=640&amp;crop=smart&amp;auto=webp&amp;s=f2926e124b83d6ed85ded9b4d3a22c971e92524a', 'width': 640, 'height': 635}, {'url': 'https://external-preview.redd.it/5vE8B8vUDdqzOdk851lCmEZB85sEcfnA88QKuE1NNFk.jpg?width=960&amp;crop=smart&amp;auto=webp&amp;s=6fd819d124432349ab3c2eb6847a911c2856f25a', 'width': 960, 'height': 953}, {'url': 'https://external-preview.redd.it/5vE8B8vUDdqzOdk851lCmEZB85sEcfnA88QKuE1NNFk.jpg?width=1080&amp;crop=smart&amp;auto=webp&amp;s=9f26696dc1d37221bed43177300495d7dda65ecb', 'width': 1080, 'height': 1073}], 'variants': {}, 'id': 'bBhaoTOaWkwcvvqopmo2sCeVj1aho6JvpSRt_yBWrRQ'}], 'enabled': False}",6,False,,,False,36,,{},"https://imgur.com/a/9oQHk4g

While I feel that I buy a lot of games, in the grand scheme of things it's not that bad. Lots of my smaller games and stuff on the bottom shelf was found in thrift shops (besieged for 10 bux, still my best find to date).

In the next few months I'm going to cull about a quarter of this to bankroll new stuff and make space for upcoming kickstarter projects. Probably get rid of Nerath, Axis and allies, Rick and morty, broom service, and munchkin. 

**favourite games?**
It changes when I buy something new, I'll usually get super into something for a few months then move onto the next thing. Playing a lot of anachrony now but my oldest game, Betrayal at house on the hill, will probably still be my favourite 

**things I would change?**
I think I would like to get more ""smaller games.""usually i gravitate towards complex big box stuff but find i never really want to play anything of the quick games ( skyfall, munchkin, king of New York). So finding some small box big experience games may be in my future","&lt;!-- SC_OFF --&gt;&lt;div class=""md""&gt;&lt;p&gt;&lt;a href=""https://imgur.com/a/9oQHk4g""&gt;https://imgur.com/a/9oQHk4g&lt;/a&gt;&lt;/p&gt;

&lt;p&gt;While I feel that I buy a lot of games, in the grand scheme of things it&amp;#39;s not that bad. Lots of my smaller games and stuff on the bottom shelf was found in thrift shops (besieged for 10 bux, still my best find to date).&lt;/p&gt;

&lt;p&gt;In the next few months I&amp;#39;m going to cull about a quarter of this to bankroll new stuff and make space for upcoming kickstarter projects. Probably get rid of Nerath, Axis and allies, Rick and morty, broom service, and munchkin. &lt;/p&gt;

&lt;p&gt;&lt;strong&gt;favourite games?&lt;/strong&gt;
It changes when I buy something new, I&amp;#39;ll usually get super into something for a few months then move onto the next thing. Playing a lot of anachrony now but my oldest game, Betrayal at house on the hill, will probably still be my favourite &lt;/p&gt;

&lt;p&gt;&lt;strong&gt;things I would change?&lt;/strong&gt;
I think I would like to get more &amp;quot;smaller games.&amp;quot;usually i gravitate towards complex big box stuff but find i never really want to play anything of the quick games ( skyfall, munchkin, king of New York). So finding some small box big experience games may be in my future&lt;/p&gt;
&lt;/div&gt;&lt;!-- SC_ON --&gt;",True,False,False,boardgames,t5_2qmjp,r/boardgames,1942591,public,,self,,,"[COMC] been in the hobby for about 5 years now, relocated my video games to make more shelf room",0,36,https://www.reddit.com/r/boardgames/comments/byjd6l/comc_been_in_the_hobby_for_about_5_years_now/,[],,False,all_ads,6
17,[],,,False,SamWiseTreebeard,,,[],,,,text,t2_35u5mqay,False,,,False,False,,False,,False,1560142680.0,1560113880.0,,self.boardgames,0,False,0,{},False,False,byp0zy,False,False,False,False,True,True,False,,,,[],,,dark,text,False,,{},False,,,,[],t3_byp0zy,True,5,0,,False,all_ads,/r/boardgames/comments/byp0zy/taboo_question/,False,,,6,False,,,False,7,,{},"When playing taboo, if the guesser says one of the taboo words on the list, can the person giving the clues now use that word or is that word still off-limits?","&lt;!-- SC_OFF --&gt;&lt;div class=""md""&gt;&lt;p&gt;When playing taboo, if the guesser says one of the taboo words on the list, can the person giving the clues now use that word or is that word still off-limits?&lt;/p&gt;
&lt;/div&gt;&lt;!-- SC_ON --&gt;",True,False,False,boardgames,t5_2qmjp,r/boardgames,1942591,public,,self,,,Taboo Question,0,7,https://www.reddit.com/r/boardgames/comments/byp0zy/taboo_question/,[],,False,all_ads,6
18,[],,,False,Hallormour,,,[],,,,text,t2_11y7ba,False,,,False,False,,False,,False,1560133088.0,1560104288.0,,self.boardgames,0,False,0,{},False,False,byn81v,False,False,False,False,True,True,False,,#edeff1,,"[{'e': 'text', 't': 'Question'}]",ce696ba0-b792-11e8-9508-0ed1a4fbdca2,Question,dark,richtext,False,,{},False,,,,[],t3_byn81v,False,3,0,,False,all_ads,/r/boardgames/comments/byn81v/feast_for_odin_used_materials/,False,,,6,False,,,False,9,,{},"Quick question: Do used materials go back to the general reserve or to the mountain tiles?

Thanks!","&lt;!-- SC_OFF --&gt;&lt;div class=""md""&gt;&lt;p&gt;Quick question: Do used materials go back to the general reserve or to the mountain tiles?&lt;/p&gt;

&lt;p&gt;Thanks!&lt;/p&gt;
&lt;/div&gt;&lt;!-- SC_ON --&gt;",True,False,False,boardgames,t5_2qmjp,r/boardgames,1942591,public,,self,,,Feast for Odin: Used materials,0,9,https://www.reddit.com/r/boardgames/comments/byn81v/feast_for_odin_used_materials/,[],,False,all_ads,6
19,[],,,False,TheDoritosPope,,,[],,,,text,t2_3zxjp8,False,,,False,False,,False,,False,1560121936.0,1560093136.0,,self.boardgames,0,False,0,{},False,False,byl6oy,False,False,False,False,True,True,False,,#edeff1,,"[{'e': 'text', 't': 'Question'}]",ce696ba0-b792-11e8-9508-0ed1a4fbdca2,Question,dark,richtext,False,,{},False,,,,[],t3_byl6oy,False,4,0,,False,all_ads,/r/boardgames/comments/byl6oy/looking_for_the_clipon_rings_from_hateblood_rage/,False,,,6,False,,,False,13,,{},I am in desperate need of those colored rings from CMON's HATE/Blood Rage boardgame.,"&lt;!-- SC_OFF --&gt;&lt;div class=""md""&gt;&lt;p&gt;I am in desperate need of those colored rings from CMON&amp;#39;s HATE/Blood Rage boardgame.&lt;/p&gt;
&lt;/div&gt;&lt;!-- SC_ON --&gt;",True,False,False,boardgames,t5_2qmjp,r/boardgames,1942591,public,,self,,,Looking for the clip-on rings from HATE/Blood Rage,0,13,https://www.reddit.com/r/boardgames/comments/byl6oy/looking_for_the_clipon_rings_from_hateblood_rage/,[],,False,all_ads,6
20,[],,,False,TheBarberOfFleetSt,,cosmic-encounter,"[{'e': 'text', 't': 'Cosmic Encounter'}]",,Cosmic Encounter,dark,richtext,t2_c1vuw,False,,,False,False,,False,,False,1560154551.0,1560125751.0,,self.boardgames,0,False,0,{},False,True,byr3tw,False,False,False,False,True,True,False,,#edeff1,,"[{'e': 'text', 't': 'Question'}]",ce696ba0-b792-11e8-9508-0ed1a4fbdca2,Question,dark,richtext,False,,{},False,,,,[],t3_byr3tw,False,0,0,,False,all_ads,/r/boardgames/comments/byr3tw/can_you_play_regular_cockroach_poker_with_the/,False,,,6,False,,,False,2,,{},Want to know before I get either.,"&lt;!-- SC_OFF --&gt;&lt;div class=""md""&gt;&lt;p&gt;Want to know before I get either.&lt;/p&gt;
&lt;/div&gt;&lt;!-- SC_ON --&gt;",True,False,False,boardgames,t5_2qmjp,r/boardgames,1942591,public,,self,,,Can you play regular cockroach poker with the Royal box?,0,2,https://www.reddit.com/r/boardgames/comments/byr3tw/can_you_play_regular_cockroach_poker_with_the/,[],,False,all_ads,6
21,[],,,False,KRMacnabb,,,[],,,,text,t2_htvo4,False,,,False,False,,False,,False,1560132369.0,1560103569.0,,self.boardgames,0,False,0,{},False,False,byn39s,False,False,False,False,True,True,False,,,,[],,,dark,text,False,,{},False,,,,[],t3_byn39s,False,7,0,,False,all_ads,/r/boardgames/comments/byn39s/letters_from_white_chapel_first_time_play/,False,,,6,False,,,False,6,,{},"So my wife and I just recently purchased a used copy of Letters From White Chapel, and I am wondering if anyone can give me suggestions, warnings, and ideas of what to expect, what could go wrong, and what rule gray areas are there in the game. Thanks in advanced.","&lt;!-- SC_OFF --&gt;&lt;div class=""md""&gt;&lt;p&gt;So my wife and I just recently purchased a used copy of Letters From White Chapel, and I am wondering if anyone can give me suggestions, warnings, and ideas of what to expect, what could go wrong, and what rule gray areas are there in the game. Thanks in advanced.&lt;/p&gt;
&lt;/div&gt;&lt;!-- SC_ON --&gt;",True,False,False,boardgames,t5_2qmjp,r/boardgames,1942591,public,,self,,,Letters From White Chapel first time play suggestions,0,6,https://www.reddit.com/r/boardgames/comments/byn39s/letters_from_white_chapel_first_time_play/,[],,False,all_ads,6
22,[],,,False,Kel61085,,,[],,,,text,t2_2ghloywo,False,,,False,False,,False,,False,1560153739.0,1560124939.0,,self.boardgames,0,False,0,{},False,True,byqz38,False,False,False,False,True,True,False,,,,[],,,dark,text,False,,{},False,,,,[],t3_byqz38,False,1,0,,False,all_ads,/r/boardgames/comments/byqz38/origins_game_fair/,False,,,6,False,,,False,2,,{},What are the most anticipated new games at the Origins Game Fair?,"&lt;!-- SC_OFF --&gt;&lt;div class=""md""&gt;&lt;p&gt;What are the most anticipated new games at the Origins Game Fair?&lt;/p&gt;
&lt;/div&gt;&lt;!-- SC_ON --&gt;",True,False,False,boardgames,t5_2qmjp,r/boardgames,1942591,public,,self,,,Origins Game Fair,0,2,https://www.reddit.com/r/boardgames/comments/byqz38/origins_game_fair/,[],,False,all_ads,6
23,[],,,False,jackflash111,,,[],,,,text,t2_2xo29t8o,False,,,False,False,,False,,False,1560119737.0,1560090937.0,,self.boardgames,0,False,0,{},False,False,bykt3z,False,False,False,False,True,True,False,,#edeff1,,"[{'e': 'text', 't': 'Question [ANSWERED]'}]",e9f90470-b792-11e8-b19d-0e341b525318,Question [ANSWERED],dark,richtext,False,,{},False,,,,[],t3_bykt3z,True,7,0,,False,all_ads,/r/boardgames/comments/bykt3z/pandemic_board_game_question_game_end/,False,,,6,False,,,False,14,,{},"I joined reddit to ask this question. Please forgive me if it's been asked before. My wife and I love pandemic... we can't get enough of it. We normally play Pandemic: On the brink: Mutation challenge.

The ""winning and losing"" states players win immediately if they cure all 5 diseases. The regular Pandemic ""Game End"" states: players win as soon as all 4 diseases are discovered. It also ends, if a player cannot draw 2 player cards after doing his actions.

My question, I cure the fifth disease on the last turn but I'm unable to draw 2 player cards. On our last turn, there is only 1 player card left. Is that a win or loss?

We have been taking a win as soon as we cure the fifth disease.....just wanted clarification from fellow Pandemic players.

Thank you","&lt;!-- SC_OFF --&gt;&lt;div class=""md""&gt;&lt;p&gt;I joined reddit to ask this question. Please forgive me if it&amp;#39;s been asked before. My wife and I love pandemic... we can&amp;#39;t get enough of it. We normally play Pandemic: On the brink: Mutation challenge.&lt;/p&gt;

&lt;p&gt;The &amp;quot;winning and losing&amp;quot; states players win immediately if they cure all 5 diseases. The regular Pandemic &amp;quot;Game End&amp;quot; states: players win as soon as all 4 diseases are discovered. It also ends, if a player cannot draw 2 player cards after doing his actions.&lt;/p&gt;

&lt;p&gt;My question, I cure the fifth disease on the last turn but I&amp;#39;m unable to draw 2 player cards. On our last turn, there is only 1 player card left. Is that a win or loss?&lt;/p&gt;

&lt;p&gt;We have been taking a win as soon as we cure the fifth disease.....just wanted clarification from fellow Pandemic players.&lt;/p&gt;

&lt;p&gt;Thank you&lt;/p&gt;
&lt;/div&gt;&lt;!-- SC_ON --&gt;",True,False,False,boardgames,t5_2qmjp,r/boardgames,1942591,public,,self,,,Pandemic board game question: Game End,0,14,https://www.reddit.com/r/boardgames/comments/bykt3z/pandemic_board_game_question_game_end/,[],,False,all_ads,6
24,[],,,False,nozzbean,,,[],,,,text,t2_3krk3521,False,,,False,False,,False,,False,1560103876.0,1560075076.0,,self.boardgames,0,False,0,{},False,False,byisip,False,False,False,False,True,True,False,,,session,"[{'e': 'text', 't': 'Session'}]",afa9b77a-4636-11e2-9037-12313d14a568,Session,dark,richtext,False,,{},False,,,,[],t3_byisip,False,25,0,,False,all_ads,/r/boardgames/comments/byisip/trying_to_organise_a_6player_game_of_got_the/,False,,,6,False,,,False,20,,{},"I have a copy of Game of Thrones: The Board Game (not to be confused with GoT-themed versions of existing board games) and I really enjoy it, but I don't often get to play it because I don't know a lot of people into this kind of thing. I figured there might be some folks on this sub who'd be up for a big game - potentially meeting up and making a day of it at a board game caf√©.

&amp;#x200B;

Don't worry if you haven't played it, or even haven't seen the show. It's rule-heavy and takes a good few hours, but I've always had fun with it, win or lose.

&amp;#x200B;

It'd be somewhere in London (TBC) and am available this coming week. If you think it's something you'd enjoy, reply or drop me a PM!","&lt;!-- SC_OFF --&gt;&lt;div class=""md""&gt;&lt;p&gt;I have a copy of Game of Thrones: The Board Game (not to be confused with GoT-themed versions of existing board games) and I really enjoy it, but I don&amp;#39;t often get to play it because I don&amp;#39;t know a lot of people into this kind of thing. I figured there might be some folks on this sub who&amp;#39;d be up for a big game - potentially meeting up and making a day of it at a board game caf√©.&lt;/p&gt;

&lt;p&gt;&amp;#x200B;&lt;/p&gt;

&lt;p&gt;Don&amp;#39;t worry if you haven&amp;#39;t played it, or even haven&amp;#39;t seen the show. It&amp;#39;s rule-heavy and takes a good few hours, but I&amp;#39;ve always had fun with it, win or lose.&lt;/p&gt;

&lt;p&gt;&amp;#x200B;&lt;/p&gt;

&lt;p&gt;It&amp;#39;d be somewhere in London (TBC) and am available this coming week. If you think it&amp;#39;s something you&amp;#39;d enjoy, reply or drop me a PM!&lt;/p&gt;
&lt;/div&gt;&lt;!-- SC_ON --&gt;",True,False,False,boardgames,t5_2qmjp,r/boardgames,1942591,public,,self,,,Trying to organise a 6-player game of GoT: The Board Game,0,20,https://www.reddit.com/r/boardgames/comments/byisip/trying_to_organise_a_6player_game_of_got_the/,[],,False,all_ads,6
25,[],,,False,EndersGame_Reviewer,,,[],,,,text,t2_1k126tck,False,,,False,False,,False,,False,1560156210.0,1560127410.0,,self.boardgames,0,False,0,{},False,True,byrdda,False,False,False,False,True,True,False,,,review,"[{'e': 'text', 't': 'Review'}]",9beed2b0-4636-11e2-af77-12313b0ce1e2,Review,dark,richtext,False,,{},False,,,,[],t3_byrdda,True,0,0,,False,all_ads,/r/boardgames/comments/byrdda/review_fast_forward_fortress_another_fine_entry/,False,self,"{'images': [{'source': {'url': 'https://external-preview.redd.it/wVYKuP3QHDO8BycFSlMRmzDXSYkdNG592LW-Oou5Rp0.jpg?auto=webp&amp;s=cfe2fdd081efd16a5d719a094a1fc1cfb6f72807', 'width': 445, 'height': 444}, 'resolutions': [{'url': 'https://external-preview.redd.it/wVYKuP3QHDO8BycFSlMRmzDXSYkdNG592LW-Oou5Rp0.jpg?width=108&amp;crop=smart&amp;auto=webp&amp;s=bbcf2485ca4195c54bf66f8b0e94cb611e010582', 'width': 108, 'height': 107}, {'url': 'https://external-preview.redd.it/wVYKuP3QHDO8BycFSlMRmzDXSYkdNG592LW-Oou5Rp0.jpg?width=216&amp;crop=smart&amp;auto=webp&amp;s=937ad6b7880fe3e65ef86a56304c96752b1ba7fb', 'width': 216, 'height': 215}, {'url': 'https://external-preview.redd.it/wVYKuP3QHDO8BycFSlMRmzDXSYkdNG592LW-Oou5Rp0.jpg?width=320&amp;crop=smart&amp;auto=webp&amp;s=cb494a597a204a4a3f7ac21cc1414732ea310a45', 'width': 320, 'height': 319}], 'variants': {}, 'id': '9AhirrIUmUffFdPzD37_Ra5zPCe1LD4ba9DmxzwmqBo'}], 'enabled': False}",6,False,,,False,1,,{},"Friedemann Friese's [**Fast Forward: FORTRESS**](https://boardgamegeek.com/boardgame/231665/fast-forward-fortress) handles 2-4 players, and is one of the finest entries in his ""Fast Forward"" series of light, fast, and fun family fillers. It comes with 90 over-sized cards with attractive an graphic design and artwork. With each game playable in less than 15 minutes, you can expect to get in at least a dozen plays before you've discovered the entire system. The basic concept is fairly straight forward: cards have numbers, and you're using sets of cards to capture ""Fortresses"". To capture a fortress from another player, you must play a set of cards worth more than theirs. But you don't know the exact strength of their defenders, so there's considerable bluffing involved, and numerous twists will be introduced that affect how the value of your cards are calculated, and other elements get added to the gameplay as the rules change. Can you win the game by being the player with the largest number of fortresses?

**GAME-PLAY**

The main aim of Fast Forward FORTRESS is to play cards to capture fortresses, by playing a set of cards of the highest value. Because you don't know the value of the cards currently beneath the fortress, there's considerable scope for bluffing. The game also employs Friedeman Friese's fable concept, in that you learn the rules as you play, and cards with new rules and mechanics emerge as the game progresses. Occasionally the rules may create some ambiguities, although fortunately anything that isn't clear won't usually be game-breaking. A big reason that accounts for why Fortress is so entertaining is to play the fun of discovering these new rules, cards, and mechanics. Some people even find that the fable concept works better than the concept of legacy games. The game does start fairly slowly, but over time becomes more and more interesting. Most individual games only take around ten minutes, while playing through the entire system will take about 90 minutes. There is an addictive quality that will keep you playing games one after another, but there is replayability even once you have gone through the entire system. Even those uninterested in playing the entire system more than once, found that Fortress was worth playing through even just once, given how much fun it was.

**IMPRESSIONS**

Friedemann Friese continues to impress with his creative approach to game design, and Fast Forward: FORTRESS is another fine entry in the excellent Fast Forward series. Admittedly, serious gamers who can't stand light and tactical games might find this an exercise in frustration. Or they may find it more interesting as a theoretical concept in game development than as a gaming experience that they want to be part of, due to the fact that it is a relatively small and light game. But even many of them won't be able to help themselves admiring the clever game system, and may even find that the process of discovering the rules and cards is far more fun than they ever expected.

The game-play is not at all difficult to learn, and you will have to change your approach as new cards and new rules get added to the game. With virtually all of the Fast Forward games, this one included, there have been reports of issues with the clarity of the rules in certain situations. That is almost inevitable with a game of this type, but fortunately most questions can be easily answered by consulting BoardGameGeek forums.

Certainly a lot of the fun of this game can be attributed to the joy of discovery. But fortunately that's not the only thing that Fortress offers. The game really encourages bluffing, and this is a mechanic that I personally enjoy a great deal. It plays very quickly, making it ideal for a filler, but the changing rules, cards, and gameplay means it offers something unique that you won't find in your average filler. This gives it a very addictive quality, and even though most games are finished in under 10 minutes, you'll often find players wanting to play over and again. Even if you decide to shelve the game after playing through the system once, you'll usually be more than satisfied that you've had your money's worth. But I believe that Fast Forward: FORTRESS does hold enough interest for return visits beyond this, especially with different players or player counts, and due to the fact that it is a light gaming experience that commends itself as a filler.

**RECOMMENDATION**

Fast Forward: FORTRESS may have a small box, but inside there is a unique Friedemann Friese game experience that provides an enormous amount of fun. You'll enjoy exploring the different twists and turns as you learn the game, especially the first time through. I recommend the entire Fast Forward series, and this is no exception!

***Where to get it?*** *Fast Forward: FORTRESS is available from the publisher Stronghold Games (*[*here*](https://strongholdgames.com/store/board-games/fast-forward-fortress/)*)*.","&lt;!-- SC_OFF --&gt;&lt;div class=""md""&gt;&lt;p&gt;Friedemann Friese&amp;#39;s &lt;a href=""https://boardgamegeek.com/boardgame/231665/fast-forward-fortress""&gt;&lt;strong&gt;Fast Forward: FORTRESS&lt;/strong&gt;&lt;/a&gt; handles 2-4 players, and is one of the finest entries in his &amp;quot;Fast Forward&amp;quot; series of light, fast, and fun family fillers. It comes with 90 over-sized cards with attractive an graphic design and artwork. With each game playable in less than 15 minutes, you can expect to get in at least a dozen plays before you&amp;#39;ve discovered the entire system. The basic concept is fairly straight forward: cards have numbers, and you&amp;#39;re using sets of cards to capture &amp;quot;Fortresses&amp;quot;. To capture a fortress from another player, you must play a set of cards worth more than theirs. But you don&amp;#39;t know the exact strength of their defenders, so there&amp;#39;s considerable bluffing involved, and numerous twists will be introduced that affect how the value of your cards are calculated, and other elements get added to the gameplay as the rules change. Can you win the game by being the player with the largest number of fortresses?&lt;/p&gt;

&lt;p&gt;&lt;strong&gt;GAME-PLAY&lt;/strong&gt;&lt;/p&gt;

&lt;p&gt;The main aim of Fast Forward FORTRESS is to play cards to capture fortresses, by playing a set of cards of the highest value. Because you don&amp;#39;t know the value of the cards currently beneath the fortress, there&amp;#39;s considerable scope for bluffing. The game also employs Friedeman Friese&amp;#39;s fable concept, in that you learn the rules as you play, and cards with new rules and mechanics emerge as the game progresses. Occasionally the rules may create some ambiguities, although fortunately anything that isn&amp;#39;t clear won&amp;#39;t usually be game-breaking. A big reason that accounts for why Fortress is so entertaining is to play the fun of discovering these new rules, cards, and mechanics. Some people even find that the fable concept works better than the concept of legacy games. The game does start fairly slowly, but over time becomes more and more interesting. Most individual games only take around ten minutes, while playing through the entire system will take about 90 minutes. There is an addictive quality that will keep you playing games one after another, but there is replayability even once you have gone through the entire system. Even those uninterested in playing the entire system more than once, found that Fortress was worth playing through even just once, given how much fun it was.&lt;/p&gt;

&lt;p&gt;&lt;strong&gt;IMPRESSIONS&lt;/strong&gt;&lt;/p&gt;

&lt;p&gt;Friedemann Friese continues to impress with his creative approach to game design, and Fast Forward: FORTRESS is another fine entry in the excellent Fast Forward series. Admittedly, serious gamers who can&amp;#39;t stand light and tactical games might find this an exercise in frustration. Or they may find it more interesting as a theoretical concept in game development than as a gaming experience that they want to be part of, due to the fact that it is a relatively small and light game. But even many of them won&amp;#39;t be able to help themselves admiring the clever game system, and may even find that the process of discovering the rules and cards is far more fun than they ever expected.&lt;/p&gt;

&lt;p&gt;The game-play is not at all difficult to learn, and you will have to change your approach as new cards and new rules get added to the game. With virtually all of the Fast Forward games, this one included, there have been reports of issues with the clarity of the rules in certain situations. That is almost inevitable with a game of this type, but fortunately most questions can be easily answered by consulting BoardGameGeek forums.&lt;/p&gt;

&lt;p&gt;Certainly a lot of the fun of this game can be attributed to the joy of discovery. But fortunately that&amp;#39;s not the only thing that Fortress offers. The game really encourages bluffing, and this is a mechanic that I personally enjoy a great deal. It plays very quickly, making it ideal for a filler, but the changing rules, cards, and gameplay means it offers something unique that you won&amp;#39;t find in your average filler. This gives it a very addictive quality, and even though most games are finished in under 10 minutes, you&amp;#39;ll often find players wanting to play over and again. Even if you decide to shelve the game after playing through the system once, you&amp;#39;ll usually be more than satisfied that you&amp;#39;ve had your money&amp;#39;s worth. But I believe that Fast Forward: FORTRESS does hold enough interest for return visits beyond this, especially with different players or player counts, and due to the fact that it is a light gaming experience that commends itself as a filler.&lt;/p&gt;

&lt;p&gt;&lt;strong&gt;RECOMMENDATION&lt;/strong&gt;&lt;/p&gt;

&lt;p&gt;Fast Forward: FORTRESS may have a small box, but inside there is a unique Friedemann Friese game experience that provides an enormous amount of fun. You&amp;#39;ll enjoy exploring the different twists and turns as you learn the game, especially the first time through. I recommend the entire Fast Forward series, and this is no exception!&lt;/p&gt;

&lt;p&gt;&lt;strong&gt;&lt;em&gt;Where to get it?&lt;/em&gt;&lt;/strong&gt; &lt;em&gt;Fast Forward: FORTRESS is available from the publisher Stronghold Games (&lt;/em&gt;&lt;a href=""https://strongholdgames.com/store/board-games/fast-forward-fortress/""&gt;&lt;em&gt;here&lt;/em&gt;&lt;/a&gt;&lt;em&gt;)&lt;/em&gt;.&lt;/p&gt;
&lt;/div&gt;&lt;!-- SC_ON --&gt;",True,False,False,boardgames,t5_2qmjp,r/boardgames,1942591,public,,self,,,Review: FAST FORWARD FORTRESS - another fine entry in Friedemann Friese's series of fabulously fun fable games,0,1,https://www.reddit.com/r/boardgames/comments/byrdda/review_fast_forward_fortress_another_fine_entry/,[],,False,all_ads,6
